center of pressure from origin without stage 1 (m),12.756
NOMINAL horizontal distance array(m),"[[0.00000000e+00]
 [0.00000000e+00]
 [1.07200000e-01]
 [5.37700000e-01]
 [1.51110000e+00]
 [3.25050000e+00]
 [5.98260000e+00]
 [9.93760000e+00]
 [1.53492000e+01]
 [2.24551000e+01]
 [3.14962000e+01]
 [4.27173000e+01]
 [5.63667000e+01]
 [7.26965000e+01]
 [9.19620000e+01]
 [1.14422300e+02]
 [1.40339900e+02]
 [1.69980300e+02]
 [2.03612600e+02]
 [2.41508500e+02]
 [2.83942900e+02]
 [3.31192900e+02]
 [3.83538400e+02]
 [4.41263500e+02]
 [5.04646100e+02]
 [5.73953700e+02]
 [6.49453000e+02]
 [7.31409200e+02]
 [8.20087800e+02]
 [9.15754100e+02]
 [1.01867530e+03]
 [1.12912130e+03]
 [1.24736650e+03]
 [1.37369190e+03]
 [1.50838770e+03]
 [1.65175560e+03]
 [1.80411220e+03]
 [1.96579230e+03]
 [2.13714750e+03]
 [2.31854390e+03]
 [2.51036450e+03]
 [2.71295390e+03]
 [2.92664930e+03]
 [3.15183460e+03]
 [3.38890920e+03]
 [3.63829060e+03]
 [3.90041560e+03]
 [4.17574190e+03]
 [4.46474810e+03]
 [4.76793610e+03]
 [5.08583360e+03]
 [5.41885300e+03]
 [5.76739490e+03]
 [6.13198870e+03]
 [6.51318520e+03]
 [6.91155420e+03]
 [7.32768550e+03]
 [7.76219670e+03]
 [8.21589490e+03]
 [8.68957490e+03]
 [9.18384190e+03]
 [9.69930770e+03]
 [1.02366070e+04]
 [1.07964005e+04]
 [1.13793782e+04]
 [1.19862616e+04]
 [1.26178059e+04]
 [1.32748039e+04]
 [1.39580898e+04]
 [1.46685437e+04]
 [1.54070968e+04]
 [1.61747376e+04]
 [1.69725181e+04]
 [1.78016673e+04]
 [1.86633615e+04]
 [1.95420357e+04]
 [2.04213062e+04]
 [2.13003434e+04]
 [2.21791420e+04]
 [2.30576817e+04]
 [2.39354363e+04]
 [2.48123158e+04]
 [2.56885715e+04]
 [2.65642037e+04]
 [2.74393374e+04]
 [2.83140533e+04]
 [2.91886677e+04]
 [3.00640773e+04]
 [3.09397735e+04]
 [3.18156516e+04]
 [3.26920518e+04]
 [3.35686867e+04]
 [3.44459027e+04]
 [3.53238109e+04]
 [3.62018936e+04]
 [3.70804034e+04]
 [3.79588895e+04]
 [3.88370548e+04]
 [3.97154499e+04]
 [4.05934182e+04]
 [4.14712610e+04]
 [4.23499560e+04]
 [4.32295583e+04]
 [4.41091543e+04]
 [4.49887229e+04]
 [4.58683377e+04]
 [4.67471125e+04]
 [4.76249496e+04]
 [4.85025198e+04]
 [4.93803980e+04]
 [5.02583762e+04]
 [5.11358859e+04]
 [5.20130609e+04]
 [5.28906409e+04]
 [5.37687065e+04]
 [5.46466742e+04]
 [5.55239592e+04]
 [5.64013151e+04]
 [5.72787848e+04]
 [5.81562934e+04]
 [5.90337059e+04]
 [5.99103350e+04]
 [6.07861770e+04]
 [6.16612540e+04]
 [6.25362516e+04]
 [6.34119115e+04]
 [6.42995621e+04]
 [6.52103779e+04]
 [6.61446359e+04]
 [6.71026186e+04]
 [6.80846144e+04]
 [6.90909178e+04]
 [7.01218296e+04]
 [7.11776567e+04]
 [7.22587132e+04]
 [7.33653196e+04]
 [7.44978038e+04]
 [7.56565010e+04]
 [7.68417538e+04]
 [7.80539129e+04]
 [7.92933372e+04]
 [8.05603939e+04]
 [8.18554591e+04]
 [8.31789179e+04]
 [8.45311644e+04]
 [8.59126020e+04]
 [8.73236448e+04]
 [8.87647173e+04]
 [9.02362547e+04]
 [9.17387039e+04]
 [9.32725233e+04]
 [9.48381837e+04]
 [9.64361686e+04]
 [9.80669748e+04]
 [9.97311132e+04]
 [1.01429109e+05]
 [1.03161502e+05]
 [1.04928849e+05]
 [1.06731722e+05]
 [1.08570711e+05]
 [1.10446424e+05]
 [1.12359487e+05]
 [1.14310548e+05]
 [1.16300272e+05]
 [1.18329349e+05]
 [1.20398491e+05]
 [1.22508434e+05]
 [1.24659939e+05]
 [1.26853793e+05]
 [1.29090812e+05]
 [1.31371842e+05]
 [1.33697759e+05]
 [1.36069472e+05]
 [1.38487926e+05]
 [1.40954103e+05]
 [1.43469023e+05]
 [1.46033748e+05]
 [1.48649385e+05]
 [1.51317087e+05]
 [1.54038057e+05]
 [1.56813554e+05]
 [1.59644892e+05]
 [1.62533445e+05]
 [1.65480655e+05]
 [1.68488035e+05]
 [1.71557170e+05]
 [1.74689730e+05]
 [1.77887473e+05]
 [1.81152249e+05]
 [1.84486016e+05]
 [1.87854558e+05]
 [1.91222662e+05]
 [1.94590343e+05]
 [1.97957613e+05]
 [2.01324488e+05]
 [2.04690980e+05]
 [2.08057103e+05]
 [2.11422872e+05]
 [2.14788299e+05]
 [2.18153399e+05]
 [2.21518185e+05]
 [2.24882671e+05]
 [2.28246871e+05]
 [2.31610798e+05]
 [2.34974466e+05]
 [2.38337889e+05]
 [2.41701079e+05]
 [2.45064051e+05]
 [2.48426818e+05]
 [2.51789393e+05]
 [2.55151790e+05]
 [2.58514022e+05]
 [2.61876103e+05]
 [2.65238044e+05]
 [2.68599860e+05]
 [2.71961564e+05]
 [2.75323168e+05]
 [2.78684686e+05]
 [2.82046131e+05]
 [2.85407514e+05]
 [2.88768850e+05]
 [2.92130150e+05]
 [2.95491427e+05]
 [2.98852694e+05]
 [3.02213963e+05]
 [3.05575247e+05]
 [3.08936557e+05]
 [3.12297906e+05]
 [3.15659307e+05]
 [3.19020770e+05]
 [3.22382309e+05]
 [3.25743934e+05]
 [3.29105658e+05]
 [3.32467493e+05]
 [3.35829449e+05]
 [3.39191539e+05]
 [3.42553774e+05]
 [3.45916166e+05]
 [3.49278725e+05]
 [3.52641462e+05]
 [3.56004389e+05]
 [3.59367518e+05]
 [3.62730858e+05]
 [3.66094420e+05]
 [3.69458216e+05]
 [3.72822255e+05]
 [3.76186549e+05]
 [3.79551108e+05]
 [3.82915942e+05]
 [3.86281062e+05]
 [3.89646477e+05]
 [3.93012198e+05]
 [3.96378235e+05]
 [3.99744597e+05]
 [4.03111296e+05]
 [4.06478339e+05]
 [4.09845737e+05]
 [4.13213499e+05]
 [4.16581636e+05]
 [4.19950155e+05]
 [4.23319068e+05]
 [4.26688382e+05]
 [4.30058107e+05]
 [4.33428251e+05]
 [4.36798825e+05]
 [4.40169836e+05]
 [4.43541294e+05]
 [4.46913207e+05]
 [4.50285583e+05]
 [4.53658432e+05]
 [4.57031761e+05]
 [4.60405579e+05]
 [4.63779895e+05]
 [4.67154715e+05]
 [4.70530050e+05]
 [4.73905905e+05]
 [4.77282291e+05]
 [4.80659213e+05]
 [4.84036680e+05]
 [4.87414700e+05]
 [4.90793281e+05]
 [4.94172429e+05]
 [4.97552152e+05]
 [5.00932458e+05]
 [5.04313354e+05]
 [5.07694847e+05]
 [5.11076944e+05]
 [5.14459652e+05]
 [5.17842979e+05]
 [5.21226931e+05]
 [5.24611515e+05]
 [5.27996737e+05]
 [5.31382605e+05]
 [5.34769125e+05]
 [5.38156304e+05]
 [5.41544148e+05]
 [5.44932663e+05]
 [5.48321856e+05]
 [5.51711733e+05]
 [5.55102300e+05]
 [5.58493563e+05]
 [5.61885529e+05]
 [5.65278203e+05]
 [5.68671591e+05]
 [5.72065700e+05]
 [5.75460534e+05]
 [5.78856100e+05]
 [5.82252403e+05]
 [5.85649448e+05]
 [5.89047242e+05]
 [5.92445790e+05]
 [5.95845096e+05]
 [5.99245167e+05]
 [6.02646008e+05]
 [6.06047623e+05]
 [6.09450019e+05]
 [6.12853199e+05]
 [6.16257169e+05]
 [6.19661934e+05]
 [6.23067499e+05]
 [6.26473869e+05]
 [6.29881048e+05]
 [6.33289041e+05]
 [6.36697852e+05]
 [6.40107487e+05]
 [6.43517950e+05]
 [6.46929244e+05]
 [6.50341376e+05]
 [6.53754348e+05]
 [6.57168165e+05]
 [6.60582832e+05]
 [6.63998352e+05]
 [6.67414730e+05]
 [6.70831969e+05]
 [6.74250074e+05]
 [6.77669049e+05]
 [6.81088897e+05]
 [6.84509623e+05]
 [6.87931229e+05]
 [6.91353720e+05]
 [6.94777099e+05]
 [6.98201370e+05]
 [7.01626537e+05]
 [7.05052603e+05]
 [7.08479570e+05]
 [7.11907444e+05]
 [7.15336226e+05]
 [7.18765921e+05]
 [7.22196531e+05]
 [7.25628059e+05]
 [7.29060509e+05]
 [7.32493884e+05]
 [7.35928186e+05]
 [7.39363418e+05]
 [7.42824326e+05]
 [7.46336128e+05]
 [7.49899792e+05]
 [7.53516320e+05]
 [7.57186756e+05]
 [7.60912184e+05]
 [7.64693732e+05]
 [7.68532574e+05]
 [7.72429934e+05]
 [7.76387088e+05]
 [7.80405367e+05]
 [7.84486166e+05]
 [7.88630938e+05]
 [7.92841211e+05]
 [7.97118581e+05]
 [8.01464727e+05]
 [8.05881410e+05]
 [8.10370486e+05]
 [8.14933908e+05]
 [8.19573736e+05]
 [8.24292149e+05]
 [8.29091450e+05]
 [8.33974081e+05]
 [8.38942637e+05]
 [8.43999875e+05]
 [8.49148738e+05]
 [8.54392365e+05]
 [8.59734120e+05]
 [8.65177614e+05]
 [8.70726730e+05]
 [8.76385660e+05]
 [8.82158939e+05]
 [8.88051496e+05]
 [8.94068698e+05]
 [9.00216418e+05]
 [9.06501111e+05]
 [9.12929900e+05]
 [9.19510688e+05]
 [9.26252298e+05]
 [9.33164635e+05]
 [9.40258907e+05]
 [9.47547896e+05]
 [9.55046318e+05]
 [9.62771294e+05]
 [9.70743002e+05]]"
NOMINAL horizontal acceleration (m/s^2),"[[ 0.000000e+00]
 [ 2.144000e-01]
 [ 4.322000e-01]
 [ 6.536000e-01]
 [ 8.784000e-01]
 [ 1.106900e+00]
 [ 1.338900e+00]
 [ 1.574500e+00]
 [ 1.813800e+00]
 [ 2.056700e+00]
 [ 2.303300e+00]
 [ 2.553400e+00]
 [ 2.807200e+00]
 [ 3.064400e+00]
 [ 3.325200e+00]
 [ 3.589200e+00]
 [ 3.856600e+00]
 [ 4.127000e+00]
 [ 4.400400e+00]
 [ 4.676400e+00]
 [ 4.955000e+00]
 [ 5.235800e+00]
 [ 5.523400e+00]
 [ 5.791600e+00]
 [ 6.058600e+00]
 [ 6.324500e+00]
 [ 6.589700e+00]
 [ 6.854800e+00]
 [ 7.120800e+00]
 [ 7.388900e+00]
 [ 7.660600e+00]
 [ 7.937800e+00]
 [ 8.222700e+00]
 [ 8.517900e+00]
 [ 8.826300e+00]
 [ 9.151200e+00]
 [ 9.495700e+00]
 [ 9.854300e+00]
 [ 1.022830e+01]
 [ 1.062000e+01]
 [ 1.091770e+01]
 [ 1.129420e+01]
 [ 1.168550e+01]
 [ 1.209340e+01]
 [ 1.252000e+01]
 [ 1.296750e+01]
 [ 1.343480e+01]
 [ 1.392520e+01]
 [ 1.443850e+01]
 [ 1.498040e+01]
 [ 1.526370e+01]
 [ 1.578110e+01]
 [ 1.632290e+01]
 [ 1.688260e+01]
 [ 1.746220e+01]
 [ 1.806250e+01]
 [ 1.869720e+01]
 [ 1.967700e+01]
 [ 2.028650e+01]
 [ 2.088740e+01]
 [ 2.151020e+01]
 [ 2.215700e+01]
 [ 2.283140e+01]
 [ 2.353690e+01]
 [ 2.427440e+01]
 [ 2.504750e+01]
 [ 2.585990e+01]
 [ 2.671580e+01]
 [ 2.762020e+01]
 [ 2.857840e+01]
 [ 2.959680e+01]
 [ 3.068260e+01]
 [ 3.205480e+01]
 [ 3.303540e+01]
 [ 9.243000e-01]
 [ 2.683000e-01]
 [-7.348000e-01]
 [ 2.574000e-01]
 [-7.751000e-01]
 [-7.950000e-01]
 [-9.552000e-01]
 [-2.925000e-01]
 [-9.544000e-01]
 [-4.260000e-02]
 [-7.930000e-01]
 [ 5.903000e-01]
 [ 9.999000e-01]
 [-4.267000e-01]
 [ 7.904000e-01]
 [ 2.539000e-01]
 [ 2.156000e-01]
 [ 9.463000e-01]
 [ 4.384000e-01]
 [-8.950000e-02]
 [ 9.437000e-01]
 [-9.912000e-01]
 [ 3.497000e-01]
 [ 1.099000e-01]
 [-9.635000e-01]
 [ 7.124000e-01]
 [ 9.919000e-01]
 [ 8.229000e-01]
 [-8.357000e-01]
 [ 7.811000e-01]
 [-6.887000e-01]
 [-9.913000e-01]
 [-8.842000e-01]
 [ 3.503000e-01]
 [ 2.661000e-01]
 [-6.640000e-02]
 [-8.705000e-01]
 [ 2.010000e-01]
 [ 6.089000e-01]
 [ 3.623000e-01]
 [-5.579000e-01]
 [-8.077000e-01]
 [ 9.495000e-01]
 [-7.217000e-01]
 [ 7.996000e-01]
 [-9.919000e-01]
 [-5.748000e-01]
 [-9.994000e-01]
 [-5.305000e-01]
 [ 3.716000e-01]
 [ 9.531000e-01]
 [ 2.302820e+01]
 [ 2.330230e+01]
 [ 2.358200e+01]
 [ 2.386740e+01]
 [ 2.415880e+01]
 [ 2.445640e+01]
 [ 2.476020e+01]
 [ 2.507070e+01]
 [ 2.538790e+01]
 [ 2.571210e+01]
 [ 2.604350e+01]
 [ 2.638240e+01]
 [ 2.672900e+01]
 [ 2.708370e+01]
 [ 2.744660e+01]
 [ 2.781820e+01]
 [ 2.819870e+01]
 [ 2.858850e+01]
 [ 2.898680e+01]
 [ 2.939560e+01]
 [ 2.981470e+01]
 [ 3.024450e+01]
 [ 3.068550e+01]
 [ 3.113800e+01]
 [ 3.160250e+01]
 [ 3.207950e+01]
 [ 3.256960e+01]
 [ 3.307320e+01]
 [ 3.359100e+01]
 [ 3.412360e+01]
 [ 3.467160e+01]
 [ 3.523570e+01]
 [ 3.581670e+01]
 [ 3.641530e+01]
 [ 3.703230e+01]
 [ 3.766860e+01]
 [ 3.832520e+01]
 [ 3.900300e+01]
 [ 3.970310e+01]
 [ 4.042660e+01]
 [ 4.117470e+01]
 [ 4.194880e+01]
 [ 4.275010e+01]
 [ 4.358030e+01]
 [ 4.444080e+01]
 [ 4.533330e+01]
 [ 4.625980e+01]
 [ 4.722220e+01]
 [ 4.822260e+01]
 [ 4.926340e+01]
 [ 5.034710e+01]
 [ 5.147630e+01]
 [ 5.265410e+01]
 [ 5.388370e+01]
 [ 5.516850e+01]
 [ 5.651240e+01]
 [ 5.791960e+01]
 [ 5.939470e+01]
 [ 6.094280e+01]
 [ 6.256940e+01]
 [ 6.428060e+01]
 [ 6.608340e+01]
 [ 6.798530e+01]
 [ 6.999460e+01]
 [-4.443000e-01]
 [-4.306000e-01]
 [-4.168000e-01]
 [-4.031000e-01]
 [-3.893000e-01]
 [-3.755000e-01]
 [-3.618000e-01]
 [-3.480000e-01]
 [-3.343000e-01]
 [-3.206000e-01]
 [-3.069000e-01]
 [-2.932000e-01]
 [-2.795000e-01]
 [-2.659000e-01]
 [-2.523000e-01]
 [-2.388000e-01]
 [-2.252000e-01]
 [-2.118000e-01]
 [-1.983000e-01]
 [-1.850000e-01]
 [-1.716000e-01]
 [-1.584000e-01]
 [-1.452000e-01]
 [-1.320000e-01]
 [-1.189000e-01]
 [-1.059000e-01]
 [-9.290000e-02]
 [-8.000000e-02]
 [-6.720000e-02]
 [-5.440000e-02]
 [-4.170000e-02]
 [-2.910000e-02]
 [-1.650000e-02]
 [-4.100000e-03]
 [ 8.300000e-03]
 [ 2.060000e-02]
 [ 3.290000e-02]
 [ 4.500000e-02]
 [ 5.710000e-02]
 [ 6.910000e-02]
 [ 8.100000e-02]
 [ 9.280000e-02]
 [ 1.046000e-01]
 [ 1.162000e-01]
 [ 1.278000e-01]
 [ 1.393000e-01]
 [ 1.507000e-01]
 [ 1.620000e-01]
 [ 1.732000e-01]
 [ 1.843000e-01]
 [ 1.953000e-01]
 [ 2.063000e-01]
 [ 2.171000e-01]
 [ 2.279000e-01]
 [ 2.386000e-01]
 [ 2.492000e-01]
 [ 2.597000e-01]
 [ 2.701000e-01]
 [ 2.804000e-01]
 [ 2.906000e-01]
 [ 3.008000e-01]
 [ 3.108000e-01]
 [ 3.208000e-01]
 [ 3.306000e-01]
 [ 3.404000e-01]
 [ 3.501000e-01]
 [ 3.597000e-01]
 [ 3.692000e-01]
 [ 3.786000e-01]
 [ 3.879000e-01]
 [ 3.972000e-01]
 [ 4.063000e-01]
 [ 4.154000e-01]
 [ 4.244000e-01]
 [ 4.333000e-01]
 [ 4.421000e-01]
 [ 4.508000e-01]
 [ 4.594000e-01]
 [ 4.680000e-01]
 [ 4.764000e-01]
 [ 4.848000e-01]
 [ 4.931000e-01]
 [ 5.013000e-01]
 [ 5.094000e-01]
 [ 5.175000e-01]
 [ 5.255000e-01]
 [ 5.333000e-01]
 [ 5.411000e-01]
 [ 5.489000e-01]
 [ 5.565000e-01]
 [ 5.641000e-01]
 [ 5.715000e-01]
 [ 5.789000e-01]
 [ 5.863000e-01]
 [ 5.935000e-01]
 [ 6.007000e-01]
 [ 6.078000e-01]
 [ 6.148000e-01]
 [ 6.217000e-01]
 [ 6.286000e-01]
 [ 6.354000e-01]
 [ 6.421000e-01]
 [ 6.488000e-01]
 [ 6.553000e-01]
 [ 6.618000e-01]
 [ 6.683000e-01]
 [ 6.746000e-01]
 [ 6.809000e-01]
 [ 6.871000e-01]
 [ 6.933000e-01]
 [ 6.993000e-01]
 [ 7.053000e-01]
 [ 7.113000e-01]
 [ 7.172000e-01]
 [ 7.230000e-01]
 [ 7.287000e-01]
 [ 7.344000e-01]
 [ 7.400000e-01]
 [ 7.455000e-01]
 [ 7.510000e-01]
 [ 7.564000e-01]
 [ 7.617000e-01]
 [ 7.670000e-01]
 [ 7.722000e-01]
 [ 7.774000e-01]
 [ 7.825000e-01]
 [ 7.875000e-01]
 [ 7.925000e-01]
 [ 7.974000e-01]
 [ 8.022000e-01]
 [ 8.070000e-01]
 [ 8.117000e-01]
 [ 8.164000e-01]
 [ 8.210000e-01]
 [ 8.255000e-01]
 [ 8.300000e-01]
 [ 8.344000e-01]
 [ 8.387000e-01]
 [ 8.430000e-01]
 [ 8.473000e-01]
 [ 8.515000e-01]
 [ 8.556000e-01]
 [ 8.597000e-01]
 [ 8.637000e-01]
 [ 8.676000e-01]
 [ 8.715000e-01]
 [ 8.753000e-01]
 [ 8.791000e-01]
 [ 8.828000e-01]
 [ 8.865000e-01]
 [ 8.901000e-01]
 [ 8.937000e-01]
 [ 8.972000e-01]
 [ 9.006000e-01]
 [ 9.040000e-01]
 [ 9.073000e-01]
 [ 9.106000e-01]
 [ 9.138000e-01]
 [ 9.169000e-01]
 [ 9.200000e-01]
 [ 9.231000e-01]
 [ 9.261000e-01]
 [ 9.290000e-01]
 [ 9.319000e-01]
 [ 5.041930e+01]
 [ 5.136860e+01]
 [ 5.235370e+01]
 [ 5.337650e+01]
 [ 5.443940e+01]
 [ 5.554460e+01]
 [ 5.669490e+01]
 [ 5.789310e+01]
 [ 5.914220e+01]
 [ 6.044560e+01]
 [ 6.180680e+01]
 [ 6.323000e+01]
 [ 6.471930e+01]
 [ 6.627960e+01]
 [ 6.791620e+01]
 [ 6.963460e+01]
 [ 7.144130e+01]
 [ 7.334330e+01]
 [ 7.534840e+01]
 [ 7.746510e+01]
 [ 7.970320e+01]
 [ 8.207340e+01]
 [ 8.458790e+01]
 [ 8.726010e+01]
 [ 9.010560e+01]
 [ 9.314170e+01]
 [ 9.638840e+01]
 [ 9.986840e+01]
 [ 1.036078e+02]
 [ 1.076368e+02]
 [ 1.119905e+02]
 [ 1.167099e+02]
 [ 1.218432e+02]
 [ 1.274474e+02]
 [ 1.335904e+02]
 [ 1.403541e+02]
 [ 1.478376e+02]
 [ 1.561624e+02]
 [ 1.654791e+02]
 [ 1.759763e+02]
 [ 1.878937e+02]
 [ 2.015407e+02]
 [ 2.173235e+02]
 [ 2.357865e+02]
 [ 2.576761e+02]
 [ 2.840443e+02]]"
NOMINAL vertical acceleration (m/s^2),"[[  8.7226]
 [  8.8715]
 [  9.0213]
 [  9.1718]
 [  9.3231]
 [  9.4749]
 [  9.6271]
 [  9.7796]
 [  9.9321]
 [ 10.0844]
 [ 10.2364]
 [ 10.3877]
 [ 10.5379]
 [ 10.6869]
 [ 10.8341]
 [ 10.9791]
 [ 11.1216]
 [ 11.2609]
 [ 11.3967]
 [ 11.5283]
 [ 11.6552]
 [ 11.7767]
 [ 11.9111]
 [ 11.9598]
 [ 11.9977]
 [ 12.0267]
 [ 12.049 ]
 [ 12.0672]
 [ 12.0844]
 [ 12.1042]
 [ 12.1304]
 [ 12.1672]
 [ 12.2192]
 [ 12.2912]
 [ 12.3882]
 [ 12.5153]
 [ 12.6768]
 [ 12.8568]
 [ 13.0566]
 [ 13.2786]
 [ 13.2945]
 [ 13.4615]
 [ 13.6443]
 [ 13.8447]
 [ 14.0648]
 [ 14.3064]
 [ 14.5657]
 [ 14.8462]
 [ 15.1458]
 [ 15.4714]
 [ 15.3762]
 [ 15.6345]
 [ 15.9113]
 [ 16.1957]
 [ 16.4891]
 [ 16.7916]
 [ 17.1202]
 [ 17.8777]
 [ 18.1221]
 [ 18.3379]
 [ 18.5636]
 [ 18.8005]
 [ 19.0514]
 [ 19.3184]
 [ 19.601 ]
 [ 19.9011]
 [ 20.2207]
 [ 20.5619]
 [ 20.9275]
 [ 21.32  ]
 [ 21.7428]
 [ 22.1993]
 [ 22.888 ]
 [ 23.181 ]
 [-10.1916]
 [-10.7733]
 [-10.4883]
 [-10.7763]
 [ -9.1782]
 [ -9.2034]
 [ -9.5141]
 [-10.7663]
 [ -9.5116]
 [-10.8091]
 [ -9.2008]
 [ -9.0028]
 [ -9.7996]
 [ -8.9056]
 [ -9.1974]
 [ -8.8428]
 [-10.7865]
 [-10.1334]
 [ -8.9112]
 [ -8.814 ]
 [ -9.4793]
 [ -9.9424]
 [-10.7469]
 [-10.8039]
 [ -9.5422]
 [-10.5118]
 [ -9.6832]
 [-10.3782]
 [-10.3592]
 [ -9.1856]
 [ -9.0849]
 [ -9.6785]
 [ -9.3428]
 [ -8.8733]
 [-10.774 ]
 [ -8.8122]
 [-10.3022]
 [-10.7896]
 [-10.6033]
 [-10.742 ]
 [-10.6399]
 [ -9.2204]
 [ -9.4961]
 [-10.5022]
 [ -9.2095]
 [ -9.9367]
 [ -8.9917]
 [ -9.8434]
 [-10.6577]
 [-10.7384]
 [-10.1128]
 [ 10.6774]
 [ 10.811 ]
 [ 10.947 ]
 [ 11.0854]
 [ 11.2263]
 [ 11.3698]
 [ 11.5159]
 [ 11.6649]
 [ 11.8166]
 [ 11.9713]
 [ 12.129 ]
 [ 12.2899]
 [ 12.454 ]
 [ 12.6215]
 [ 12.7925]
 [ 12.9671]
 [ 13.1455]
 [ 13.3278]
 [ 13.5133]
 [ 13.7035]
 [ 13.8979]
 [ 14.0969]
 [ 14.3004]
 [ 14.5089]
 [ 14.7223]
 [ 14.941 ]
 [ 15.1652]
 [ 15.395 ]
 [ 15.6307]
 [ 15.8727]
 [ 16.1211]
 [ 16.3762]
 [ 16.6384]
 [ 16.9079]
 [ 17.1851]
 [ 17.4705]
 [ 17.7642]
 [ 18.0669]
 [ 18.3789]
 [ 18.7006]
 [ 19.0327]
 [ 19.3755]
 [ 19.7298]
 [ 20.0961]
 [ 20.4751]
 [ 20.8675]
 [ 21.274 ]
 [ 21.6956]
 [ 22.133 ]
 [ 22.5873]
 [ 23.0595]
 [ 23.5507]
 [ 24.0622]
 [ 24.5953]
 [ 25.1515]
 [ 25.7323]
 [ 26.3396]
 [ 26.9752]
 [ 27.6413]
 [ 28.3402]
 [ 29.0744]
 [ 29.8468]
 [ 30.6605]
 [ 31.5191]
 [-10.7059]
 [-10.7125]
 [-10.719 ]
 [-10.7252]
 [-10.7311]
 [-10.7368]
 [-10.7423]
 [-10.7475]
 [-10.7525]
 [-10.7572]
 [-10.7618]
 [-10.7661]
 [-10.7701]
 [-10.774 ]
 [-10.7776]
 [-10.7811]
 [-10.7843]
 [-10.7873]
 [-10.7901]
 [-10.7927]
 [-10.7952]
 [-10.7974]
 [-10.7994]
 [-10.8012]
 [-10.8029]
 [-10.8044]
 [-10.8057]
 [-10.8068]
 [-10.8077]
 [-10.8085]
 [-10.8091]
 [-10.8096]
 [-10.8099]
 [-10.81  ]
 [-10.81  ]
 [-10.8098]
 [-10.8095]
 [-10.809 ]
 [-10.8084]
 [-10.8076]
 [-10.8067]
 [-10.8057]
 [-10.8045]
 [-10.8032]
 [-10.8018]
 [-10.8003]
 [-10.7986]
 [-10.7968]
 [-10.7949]
 [-10.7929]
 [-10.7907]
 [-10.7885]
 [-10.7861]
 [-10.7837]
 [-10.7811]
 [-10.7785]
 [-10.7757]
 [-10.7728]
 [-10.7699]
 [-10.7668]
 [-10.7637]
 [-10.7605]
 [-10.7572]
 [-10.7538]
 [-10.7503]
 [-10.7467]
 [-10.7431]
 [-10.7394]
 [-10.7356]
 [-10.7317]
 [-10.7277]
 [-10.7237]
 [-10.7196]
 [-10.7155]
 [-10.7113]
 [-10.707 ]
 [-10.7026]
 [-10.6982]
 [-10.6937]
 [-10.6892]
 [-10.6846]
 [-10.68  ]
 [-10.6753]
 [-10.6705]
 [-10.6657]
 [-10.6608]
 [-10.6559]
 [-10.6509]
 [-10.6459]
 [-10.6409]
 [-10.6357]
 [-10.6306]
 [-10.6254]
 [-10.6201]
 [-10.6148]
 [-10.6095]
 [-10.6041]
 [-10.5987]
 [-10.5932]
 [-10.5877]
 [-10.5822]
 [-10.5766]
 [-10.571 ]
 [-10.5653]
 [-10.5597]
 [-10.5539]
 [-10.5482]
 [-10.5424]
 [-10.5365]
 [-10.5307]
 [-10.5248]
 [-10.5189]
 [-10.5129]
 [-10.5069]
 [-10.5009]
 [-10.4948]
 [-10.4888]
 [-10.4826]
 [-10.4765]
 [-10.4703]
 [-10.4641]
 [-10.4579]
 [-10.4516]
 [-10.4453]
 [-10.439 ]
 [-10.4327]
 [-10.4263]
 [-10.4199]
 [-10.4135]
 [-10.4071]
 [-10.4006]
 [-10.3941]
 [-10.3876]
 [-10.381 ]
 [-10.3744]
 [-10.3678]
 [-10.3612]
 [-10.3545]
 [-10.3478]
 [-10.3411]
 [-10.3344]
 [-10.3277]
 [-10.3209]
 [-10.3141]
 [-10.3072]
 [-10.3004]
 [-10.2935]
 [-10.2866]
 [-10.2797]
 [-10.2727]
 [-10.2657]
 [-10.2587]
 [-10.2517]
 [-10.2447]
 [-10.2376]
 [-10.2305]
 [-10.2233]
 [-10.2162]
 [-10.209 ]
 [-10.2018]
 [-10.1946]
 [-10.1874]
 [-10.1801]
 [-10.1728]
 [  4.154 ]
 [  4.1557]
 [  4.1565]
 [  4.1566]
 [  4.1557]
 [  4.1539]
 [  4.1511]
 [  4.1472]
 [  4.1422]
 [  4.136 ]
 [  4.1285]
 [  4.1196]
 [  4.1093]
 [  4.0974]
 [  4.0837]
 [  4.0683]
 [  4.0509]
 [  4.0314]
 [  4.0096]
 [  3.9853]
 [  3.9584]
 [  3.9285]
 [  3.8954]
 [  3.8588]
 [  3.8184]
 [  3.7737]
 [  3.7244]
 [  3.6699]
 [  3.6097]
 [  3.5431]
 [  3.4692]
 [  3.3873]
 [  3.2962]
 [  3.1947]
 [  3.0812]
 [  2.9541]
 [  2.811 ]
 [  2.6493]
 [  2.4656]
 [  2.2558]
 [  2.0146]
 [  1.7352]
 [  1.4085]
 [  1.0225]
 [  0.5608]
 [  0.    ]]"
HIGH END horizontal distance (m),"[[0.00000000e+00]
 [0.00000000e+00]
 [1.05700000e-01]
 [5.30400000e-01]
 [1.49070000e+00]
 [3.20660000e+00]
 [5.90180000e+00]
 [9.80340000e+00]
 [1.51420000e+01]
 [2.21519000e+01]
 [3.10711000e+01]
 [4.21409000e+01]
 [5.56063000e+01]
 [7.17161000e+01]
 [9.07223000e+01]
 [1.12880400e+02]
 [1.38449500e+02]
 [1.67691700e+02]
 [2.00872400e+02]
 [2.38260000e+02]
 [2.80125600e+02]
 [3.26743000e+02]
 [3.78388300e+02]
 [4.35342100e+02]
 [4.97879000e+02]
 [5.66263200e+02]
 [6.40757900e+02]
 [7.21625500e+02]
 [8.09128100e+02]
 [9.03528000e+02]
 [1.00508930e+03]
 [1.11407880e+03]
 [1.23076780e+03]
 [1.35543410e+03]
 [1.48836460e+03]
 [1.62985750e+03]
 [1.78022600e+03]
 [1.93980090e+03]
 [2.10892990e+03]
 [2.28797520e+03]
 [2.47731570e+03]
 [2.67729210e+03]
 [2.88823810e+03]
 [3.11053350e+03]
 [3.34457380e+03]
 [3.59077200e+03]
 [3.84956060e+03]
 [4.12139240e+03]
 [4.40674130e+03]
 [4.70610440e+03]
 [5.01990000e+03]
 [5.34853720e+03]
 [5.69251700e+03]
 [6.05236380e+03]
 [6.42862390e+03]
 [6.82186230e+03]
 [7.23266450e+03]
 [7.66164270e+03]
 [8.10959290e+03]
 [8.57729980e+03]
 [9.06536440e+03]
 [9.57439350e+03]
 [1.01050169e+04]
 [1.06578899e+04]
 [1.12336972e+04]
 [1.18331546e+04]
 [1.24570119e+04]
 [1.31060559e+04]
 [1.37811149e+04]
 [1.44830626e+04]
 [1.52128240e+04]
 [1.59713804e+04]
 [1.67597771e+04]
 [1.75792261e+04]
 [1.84308871e+04]
 [1.93157496e+04]
 [2.02177180e+04]
 [2.11203024e+04]
 [2.20227809e+04]
 [2.29244167e+04]
 [2.38257437e+04]
 [2.47276315e+04]
 [2.56295146e+04]
 [2.65308764e+04]
 [2.74325792e+04]
 [2.83341481e+04]
 [2.92347306e+04]
 [3.01346175e+04]
 [3.10343545e+04]
 [3.19341740e+04]
 [3.28343222e+04]
 [3.37349911e+04]
 [3.46359385e+04]
 [3.55373111e+04]
 [3.64385776e+04]
 [3.73394731e+04]
 [3.82401001e+04]
 [3.91406843e+04]
 [4.00416826e+04]
 [4.09432595e+04]
 [4.18448676e+04]
 [4.27464223e+04]
 [4.36488394e+04]
 [4.45516104e+04]
 [4.54541223e+04]
 [4.63561553e+04]
 [4.72580097e+04]
 [4.81599930e+04]
 [4.90614629e+04]
 [4.99628346e+04]
 [5.08641118e+04]
 [5.17650492e+04]
 [5.26665981e+04]
 [5.35690589e+04]
 [5.44721581e+04]
 [5.53749850e+04]
 [5.62774697e+04]
 [5.71801273e+04]
 [5.80833337e+04]
 [5.89873107e+04]
 [5.98913136e+04]
 [6.07945623e+04]
 [6.16971324e+04]
 [6.25998411e+04]
 [6.35033657e+04]
 [6.44076304e+04]
 [6.53119441e+04]
 [6.62275717e+04]
 [6.71663532e+04]
 [6.81285653e+04]
 [6.91144903e+04]
 [7.01244163e+04]
 [7.11586374e+04]
 [7.22174542e+04]
 [7.33011735e+04]
 [7.44101089e+04]
 [7.55445806e+04]
 [7.67049163e+04]
 [7.78914508e+04]
 [7.91045266e+04]
 [8.03444941e+04]
 [8.16117117e+04]
 [8.29065458e+04]
 [8.42293714e+04]
 [8.55805726e+04]
 [8.69605434e+04]
 [8.83696870e+04]
 [8.98084171e+04]
 [9.12771576e+04]
 [9.27763435e+04]
 [9.43064211e+04]
 [9.58678482e+04]
 [9.74610954e+04]
 [9.90866455e+04]
 [1.00744995e+05]
 [1.02436654e+05]
 [1.04162147e+05]
 [1.05922014e+05]
 [1.07716811e+05]
 [1.09547109e+05]
 [1.11413497e+05]
 [1.13316584e+05]
 [1.15256994e+05]
 [1.17235374e+05]
 [1.19252390e+05]
 [1.21308731e+05]
 [1.23405107e+05]
 [1.25542254e+05]
 [1.27720932e+05]
 [1.29941928e+05]
 [1.32206057e+05]
 [1.34514164e+05]
 [1.36867123e+05]
 [1.39265845e+05]
 [1.41711272e+05]
 [1.44204384e+05]
 [1.46746203e+05]
 [1.49337788e+05]
 [1.51980245e+05]
 [1.54674726e+05]
 [1.57422435e+05]
 [1.60224627e+05]
 [1.63082615e+05]
 [1.65997773e+05]
 [1.68971542e+05]
 [1.72005432e+05]
 [1.75101028e+05]
 [1.78259998e+05]
 [1.81484098e+05]
 [1.84775177e+05]
 [1.88135190e+05]
 [1.91566203e+05]
 [1.95032971e+05]
 [1.98499195e+05]
 [2.01964888e+05]
 [2.05430064e+05]
 [2.08894737e+05]
 [2.12358920e+05]
 [2.15822627e+05]
 [2.19285871e+05]
 [2.22748667e+05]
 [2.26211028e+05]
 [2.29672968e+05]
 [2.33134501e+05]
 [2.36595640e+05]
 [2.40056400e+05]
 [2.43516794e+05]
 [2.46976836e+05]
 [2.50436540e+05]
 [2.53895920e+05]
 [2.57354989e+05]
 [2.60813762e+05]
 [2.64272252e+05]
 [2.67730472e+05]
 [2.71188437e+05]
 [2.74646160e+05]
 [2.78103654e+05]
 [2.81560934e+05]
 [2.85018012e+05]
 [2.88474903e+05]
 [2.91931620e+05]
 [2.95388176e+05]
 [2.98844584e+05]
 [3.02300857e+05]
 [3.05757010e+05]
 [3.09213055e+05]
 [3.12669005e+05]
 [3.16124874e+05]
 [3.19580673e+05]
 [3.23036417e+05]
 [3.26492118e+05]
 [3.29947789e+05]
 [3.33403442e+05]
 [3.36859090e+05]
 [3.40314745e+05]
 [3.43770421e+05]
 [3.47226129e+05]
 [3.50681882e+05]
 [3.54137692e+05]
 [3.57593571e+05]
 [3.61049532e+05]
 [3.64505586e+05]
 [3.67961744e+05]
 [3.71418020e+05]
 [3.74874425e+05]
 [3.78330970e+05]
 [3.81787666e+05]
 [3.85244527e+05]
 [3.88701562e+05]
 [3.92158783e+05]
 [3.95616201e+05]
 [3.99073828e+05]
 [4.02531675e+05]
 [4.05989751e+05]
 [4.09448069e+05]
 [4.12906640e+05]
 [4.16365472e+05]
 [4.19824579e+05]
 [4.23283969e+05]
 [4.26743653e+05]
 [4.30203642e+05]
 [4.33663945e+05]
 [4.37124574e+05]
 [4.40585538e+05]
 [4.44046846e+05]
 [4.47508509e+05]
 [4.50970537e+05]
 [4.54432939e+05]
 [4.57895726e+05]
 [4.61358905e+05]
 [4.64822487e+05]
 [4.68286482e+05]
 [4.71750898e+05]
 [4.75215744e+05]
 [4.78681031e+05]
 [4.82146766e+05]
 [4.85612958e+05]
 [4.89079617e+05]
 [4.92546751e+05]
 [4.96014368e+05]
 [4.99482478e+05]
 [5.02951089e+05]
 [5.06420209e+05]
 [5.09889846e+05]
 [5.13360009e+05]
 [5.16830706e+05]
 [5.20301944e+05]
 [5.23773733e+05]
 [5.27246079e+05]
 [5.30718990e+05]
 [5.34192475e+05]
 [5.37666541e+05]
 [5.41141195e+05]
 [5.44616446e+05]
 [5.48092299e+05]
 [5.51568763e+05]
 [5.55045846e+05]
 [5.58523553e+05]
 [5.62001892e+05]
 [5.65480871e+05]
 [5.68960495e+05]
 [5.72440773e+05]
 [5.75921711e+05]
 [5.79403315e+05]
 [5.82885592e+05]
 [5.86368549e+05]
 [5.89852192e+05]
 [5.93336527e+05]
 [5.96821562e+05]
 [6.00307302e+05]
 [6.03793753e+05]
 [6.07280922e+05]
 [6.10768814e+05]
 [6.14257436e+05]
 [6.17746793e+05]
 [6.21236892e+05]
 [6.24727737e+05]
 [6.28219336e+05]
 [6.31711693e+05]
 [6.35204813e+05]
 [6.38698704e+05]
 [6.42193369e+05]
 [6.45688814e+05]
 [6.49185046e+05]
 [6.52682067e+05]
 [6.56179885e+05]
 [6.59678504e+05]
 [6.63177929e+05]
 [6.66678165e+05]
 [6.70179216e+05]
 [6.73681089e+05]
 [6.77183787e+05]
 [6.80687315e+05]
 [6.84191678e+05]
 [6.87696881e+05]
 [6.91202927e+05]
 [6.94709822e+05]
 [6.98217569e+05]
 [7.01726174e+05]
 [7.05235640e+05]
 [7.08745971e+05]
 [7.12257172e+05]
 [7.15769247e+05]
 [7.19282199e+05]
 [7.22796033e+05]
 [7.26310752e+05]
 [7.29826360e+05]
 [7.33342862e+05]
 [7.36860260e+05]
 [7.40378559e+05]
 [7.43897762e+05]
 [7.47417872e+05]
 [7.50938892e+05]
 [7.54460827e+05]
 [7.57983680e+05]
 [7.61507453e+05]
 [7.65056892e+05]
 [7.68657218e+05]
 [7.72309395e+05]
 [7.76014430e+05]
 [7.79773363e+05]
 [7.83587280e+05]
 [7.87457308e+05]
 [7.91384621e+05]
 [7.95370443e+05]
 [7.99416050e+05]
 [8.03522774e+05]
 [8.07692008e+05]
 [8.11925207e+05]
 [8.16223898e+05]
 [8.20589677e+05]
 [8.25024222e+05]
 [8.29529297e+05]
 [8.34106755e+05]
 [8.38758550e+05]
 [8.43486742e+05]
 [8.48293510e+05]
 [8.53181158e+05]
 [8.58152127e+05]
 [8.63209011e+05]
 [8.68354569e+05]
 [8.73591743e+05]
 [8.78923672e+05]
 [8.84353721e+05]
 [8.89885500e+05]
 [8.95522893e+05]
 [9.01270091e+05]
 [9.07131631e+05]
 [9.13112439e+05]
 [9.19217885e+05]
 [9.25453842e+05]
 [9.31826763e+05]
 [9.38343773e+05]
 [9.45012776e+05]
 [9.51842593e+05]
 [9.58843131e+05]
 [9.66025599e+05]
 [9.73402777e+05]
 [9.80989384e+05]
 [9.88802541e+05]
 [9.96862425e+05]
 [1.00519317e+06]]"
HIGH END horizontal acceleration (m/s^2),"[[ 0.000000e+00]
 [ 2.115000e-01]
 [ 4.264000e-01]
 [ 6.447000e-01]
 [ 8.666000e-01]
 [ 1.091900e+00]
 [ 1.320800e+00]
 [ 1.553300e+00]
 [ 1.789400e+00]
 [ 2.029000e+00]
 [ 2.272300e+00]
 [ 2.519100e+00]
 [ 2.769500e+00]
 [ 3.023300e+00]
 [ 3.280600e+00]
 [ 3.541200e+00]
 [ 3.805100e+00]
 [ 4.072000e+00]
 [ 4.341800e+00]
 [ 4.614300e+00]
 [ 4.889300e+00]
 [ 5.166500e+00]
 [ 5.450600e+00]
 [ 5.715500e+00]
 [ 5.979200e+00]
 [ 6.241900e+00]
 [ 6.503900e+00]
 [ 6.765900e+00]
 [ 7.028900e+00]
 [ 7.293900e+00]
 [ 7.562500e+00]
 [ 7.836500e+00]
 [ 8.118200e+00]
 [ 8.410100e+00]
 [ 8.714900e+00]
 [ 9.036100e+00]
 [ 9.376700e+00]
 [ 9.731400e+00]
 [ 1.010140e+01]
 [ 1.048880e+01]
 [ 1.078320e+01]
 [ 1.115580e+01]
 [ 1.154300e+01]
 [ 1.194680e+01]
 [ 1.236900e+01]
 [ 1.281190e+01]
 [ 1.327440e+01]
 [ 1.376000e+01]
 [ 1.426820e+01]
 [ 1.459690e+01]
 [ 1.508640e+01]
 [ 1.559850e+01]
 [ 1.613570e+01]
 [ 1.669080e+01]
 [ 1.726570e+01]
 [ 1.786190e+01]
 [ 1.849000e+01]
 [ 1.945400e+01]
 [ 2.005960e+01]
 [ 2.065560e+01]
 [ 2.127340e+01]
 [ 2.191520e+01]
 [ 2.258410e+01]
 [ 2.328420e+01]
 [ 2.401620e+01]
 [ 2.478360e+01]
 [ 2.559000e+01]
 [ 2.643980e+01]
 [ 2.733780e+01]
 [ 2.828940e+01]
 [ 2.930090e+01]
 [ 3.037940e+01]
 [ 3.172530e+01]
 [ 3.269860e+01]
 [ 3.370430e+01]
 [ 5.077000e-01]
 [ 7.244000e-01]
 [-9.364000e-01]
 [-7.488000e-01]
 [ 1.313000e-01]
 [ 9.902000e-01]
 [-9.996000e-01]
 [-4.290000e-02]
 [ 7.250000e-01]
 [-9.929000e-01]
 [-9.798000e-01]
 [-4.116000e-01]
 [ 1.119000e-01]
 [ 5.310000e-02]
 [ 6.043000e-01]
 [ 4.370000e-01]
 [ 1.202000e-01]
 [ 7.301000e-01]
 [-9.421000e-01]
 [ 1.999000e-01]
 [-7.369000e-01]
 [ 6.515000e-01]
 [ 1.765000e-01]
 [ 9.809000e-01]
 [-9.186000e-01]
 [ 8.119000e-01]
 [ 9.127000e-01]
 [-2.046000e-01]
 [-3.137000e-01]
 [-6.441000e-01]
 [ 2.871000e-01]
 [-2.930000e-02]
 [-9.977000e-01]
 [ 8.015000e-01]
 [-9.905000e-01]
 [ 3.107000e-01]
 [ 9.125000e-01]
 [ 9.114000e-01]
 [ 3.652000e-01]
 [-9.095000e-01]
 [ 2.249000e-01]
 [ 1.210000e-01]
 [ 9.765000e-01]
 [ 5.646000e-01]
 [-5.127000e-01]
 [-9.958000e-01]
 [-3.615000e-01]
 [ 6.388000e-01]
 [ 9.928000e-01]
 [ 4.873000e-01]
 [-3.892000e-01]
 [ 2.301700e+01]
 [ 2.329080e+01]
 [ 2.357030e+01]
 [ 2.385540e+01]
 [ 2.414660e+01]
 [ 2.444380e+01]
 [ 2.474740e+01]
 [ 2.505760e+01]
 [ 2.537450e+01]
 [ 2.569840e+01]
 [ 2.602950e+01]
 [ 2.636810e+01]
 [ 2.671450e+01]
 [ 2.706880e+01]
 [ 2.743150e+01]
 [ 2.780150e+01]
 [ 2.818130e+01]
 [ 2.857020e+01]
 [ 2.896870e+01]
 [ 2.937710e+01]
 [ 2.979580e+01]
 [ 3.022510e+01]
 [ 3.066560e+01]
 [ 3.111760e+01]
 [ 3.158170e+01]
 [ 3.205820e+01]
 [ 3.254780e+01]
 [ 3.305090e+01]
 [ 3.356820e+01]
 [ 3.410020e+01]
 [ 3.464770e+01]
 [ 3.521120e+01]
 [ 3.579160e+01]
 [ 3.638960e+01]
 [ 3.700600e+01]
 [ 3.764170e+01]
 [ 3.829760e+01]
 [ 3.897480e+01]
 [ 3.967420e+01]
 [ 4.039700e+01]
 [ 4.114440e+01]
 [ 4.191770e+01]
 [ 4.271830e+01]
 [ 4.354760e+01]
 [ 4.440730e+01]
 [ 4.529900e+01]
 [ 4.622460e+01]
 [ 4.718610e+01]
 [ 4.818560e+01]
 [ 4.922540e+01]
 [ 5.030800e+01]
 [ 5.143620e+01]
 [ 5.261290e+01]
 [ 5.384130e+01]
 [ 5.512490e+01]
 [ 5.646760e+01]
 [ 5.787350e+01]
 [ 5.934730e+01]
 [ 6.089390e+01]
 [ 6.251900e+01]
 [ 6.422870e+01]
 [ 6.602990e+01]
 [ 6.793000e+01]
 [ 6.993750e+01]
 [ 7.206180e+01]
 [-5.510000e-01]
 [-5.375000e-01]
 [-5.239000e-01]
 [-5.103000e-01]
 [-4.967000e-01]
 [-4.830000e-01]
 [-4.692000e-01]
 [-4.555000e-01]
 [-4.417000e-01]
 [-4.279000e-01]
 [-4.141000e-01]
 [-4.003000e-01]
 [-3.865000e-01]
 [-3.726000e-01]
 [-3.588000e-01]
 [-3.450000e-01]
 [-3.312000e-01]
 [-3.174000e-01]
 [-3.036000e-01]
 [-2.899000e-01]
 [-2.761000e-01]
 [-2.624000e-01]
 [-2.487000e-01]
 [-2.351000e-01]
 [-2.215000e-01]
 [-2.080000e-01]
 [-1.945000e-01]
 [-1.810000e-01]
 [-1.676000e-01]
 [-1.542000e-01]
 [-1.409000e-01]
 [-1.276000e-01]
 [-1.144000e-01]
 [-1.013000e-01]
 [-8.820000e-02]
 [-7.520000e-02]
 [-6.230000e-02]
 [-4.940000e-02]
 [-3.660000e-02]
 [-2.390000e-02]
 [-1.120000e-02]
 [ 1.400000e-03]
 [ 1.390000e-02]
 [ 2.630000e-02]
 [ 3.870000e-02]
 [ 5.090000e-02]
 [ 6.310000e-02]
 [ 7.520000e-02]
 [ 8.730000e-02]
 [ 9.920000e-02]
 [ 1.111000e-01]
 [ 1.229000e-01]
 [ 1.346000e-01]
 [ 1.462000e-01]
 [ 1.577000e-01]
 [ 1.691000e-01]
 [ 1.805000e-01]
 [ 1.917000e-01]
 [ 2.029000e-01]
 [ 2.140000e-01]
 [ 2.250000e-01]
 [ 2.359000e-01]
 [ 2.467000e-01]
 [ 2.574000e-01]
 [ 2.681000e-01]
 [ 2.786000e-01]
 [ 2.891000e-01]
 [ 2.994000e-01]
 [ 3.097000e-01]
 [ 3.199000e-01]
 [ 3.300000e-01]
 [ 3.400000e-01]
 [ 3.499000e-01]
 [ 3.597000e-01]
 [ 3.695000e-01]
 [ 3.791000e-01]
 [ 3.887000e-01]
 [ 3.981000e-01]
 [ 4.075000e-01]
 [ 4.168000e-01]
 [ 4.260000e-01]
 [ 4.351000e-01]
 [ 4.442000e-01]
 [ 4.531000e-01]
 [ 4.620000e-01]
 [ 4.708000e-01]
 [ 4.794000e-01]
 [ 4.880000e-01]
 [ 4.965000e-01]
 [ 5.050000e-01]
 [ 5.133000e-01]
 [ 5.216000e-01]
 [ 5.298000e-01]
 [ 5.379000e-01]
 [ 5.459000e-01]
 [ 5.538000e-01]
 [ 5.616000e-01]
 [ 5.694000e-01]
 [ 5.771000e-01]
 [ 5.847000e-01]
 [ 5.922000e-01]
 [ 5.997000e-01]
 [ 6.070000e-01]
 [ 6.143000e-01]
 [ 6.215000e-01]
 [ 6.287000e-01]
 [ 6.357000e-01]
 [ 6.427000e-01]
 [ 6.496000e-01]
 [ 6.564000e-01]
 [ 6.632000e-01]
 [ 6.698000e-01]
 [ 6.764000e-01]
 [ 6.830000e-01]
 [ 6.894000e-01]
 [ 6.958000e-01]
 [ 7.021000e-01]
 [ 7.083000e-01]
 [ 7.145000e-01]
 [ 7.206000e-01]
 [ 7.266000e-01]
 [ 7.325000e-01]
 [ 7.384000e-01]
 [ 7.442000e-01]
 [ 7.500000e-01]
 [ 7.556000e-01]
 [ 7.612000e-01]
 [ 7.667000e-01]
 [ 7.722000e-01]
 [ 7.776000e-01]
 [ 7.829000e-01]
 [ 7.882000e-01]
 [ 7.934000e-01]
 [ 7.985000e-01]
 [ 8.036000e-01]
 [ 8.086000e-01]
 [ 8.135000e-01]
 [ 8.183000e-01]
 [ 8.231000e-01]
 [ 8.279000e-01]
 [ 8.325000e-01]
 [ 8.371000e-01]
 [ 8.417000e-01]
 [ 8.461000e-01]
 [ 8.506000e-01]
 [ 8.549000e-01]
 [ 8.592000e-01]
 [ 8.634000e-01]
 [ 8.676000e-01]
 [ 8.716000e-01]
 [ 8.757000e-01]
 [ 8.796000e-01]
 [ 8.835000e-01]
 [ 8.874000e-01]
 [ 8.912000e-01]
 [ 8.949000e-01]
 [ 8.985000e-01]
 [ 9.021000e-01]
 [ 9.057000e-01]
 [ 9.091000e-01]
 [ 9.125000e-01]
 [ 9.159000e-01]
 [ 9.191000e-01]
 [ 9.224000e-01]
 [ 5.041070e+01]
 [ 5.136010e+01]
 [ 5.234510e+01]
 [ 5.336790e+01]
 [ 5.443070e+01]
 [ 5.553590e+01]
 [ 5.668620e+01]
 [ 5.788430e+01]
 [ 5.913340e+01]
 [ 6.043670e+01]
 [ 6.179800e+01]
 [ 6.322110e+01]
 [ 6.471040e+01]
 [ 6.627070e+01]
 [ 6.790720e+01]
 [ 6.962560e+01]
 [ 7.143240e+01]
 [ 7.333440e+01]
 [ 7.533940e+01]
 [ 7.745620e+01]
 [ 7.969430e+01]
 [ 8.206450e+01]
 [ 8.457900e+01]
 [ 8.725130e+01]
 [ 9.009680e+01]
 [ 9.313300e+01]
 [ 9.637970e+01]
 [ 9.985980e+01]
 [ 1.035992e+02]
 [ 1.076284e+02]
 [ 1.119822e+02]
 [ 1.167018e+02]
 [ 1.218352e+02]
 [ 1.274395e+02]
 [ 1.335827e+02]
 [ 1.403466e+02]
 [ 1.478304e+02]
 [ 1.561555e+02]
 [ 1.654725e+02]
 [ 1.759701e+02]
 [ 1.878879e+02]
 [ 2.015354e+02]
 [ 2.173189e+02]
 [ 2.357827e+02]
 [ 2.576731e+02]
 [ 2.840424e+02]
 [ 3.164222e+02]]"
HIGH END vertical acceleration (m/s^2),"[[  8.7226]
 [  8.8715]
 [  9.0213]
 [  9.172 ]
 [  9.3233]
 [  9.4753]
 [  9.6277]
 [  9.7804]
 [  9.9332]
 [ 10.0859]
 [ 10.2382]
 [ 10.3899]
 [ 10.5407]
 [ 10.6901]
 [ 10.8379]
 [ 10.9836]
 [ 11.1268]
 [ 11.2669]
 [ 11.4035]
 [ 11.536 ]
 [ 11.6639]
 [ 11.7865]
 [ 11.9226]
 [ 11.9725]
 [ 12.0118]
 [ 12.0423]
 [ 12.0661]
 [ 12.0859]
 [ 12.1048]
 [ 12.1263]
 [ 12.1542]
 [ 12.1929]
 [ 12.2468]
 [ 12.3206]
 [ 12.4196]
 [ 12.5488]
 [ 12.7125]
 [ 12.8951]
 [ 13.0977]
 [ 13.3228]
 [ 13.3407]
 [ 13.5108]
 [ 13.6969]
 [ 13.9008]
 [ 14.1246]
 [ 14.3701]
 [ 14.6335]
 [ 14.9186]
 [ 15.2231]
 [ 15.2183]
 [ 15.4628]
 [ 15.7256]
 [ 16.0086]
 [ 16.2996]
 [ 16.6001]
 [ 16.9108]
 [ 17.245 ]
 [ 18.0043]
 [ 18.2575]
 [ 18.4807]
 [ 18.7141]
 [ 18.9592]
 [ 19.2183]
 [ 19.4945]
 [ 19.7868]
 [ 20.0971]
 [ 20.4276]
 [ 20.7805]
 [ 21.1585]
 [ 21.5645]
 [ 22.0017]
 [ 22.4738]
 [ 23.166 ]
 [ 23.4729]
 [ 23.7833]
 [-10.6716]
 [-10.4994]
 [-10.1609]
 [ -9.1472]
 [ -8.8187]
 [ -9.95  ]
 [ -9.8386]
 [ -8.8109]
 [-10.4988]
 [ -9.691 ]
 [ -9.61  ]
 [-10.7214]
 [ -8.8163]
 [-10.8086]
 [-10.6068]
 [ -8.9105]
 [-10.8028]
 [ -9.1266]
 [-10.1455]
 [-10.7898]
 [-10.486 ]
 [ -9.0514]
 [ -8.8257]
 [ -9.6157]
 [-10.2052]
 [-10.3938]
 [-10.2187]
 [-10.7888]
 [ -8.8605]
 [-10.5749]
 [-10.7679]
 [-10.8096]
 [ -9.8776]
 [ -9.212 ]
 [ -9.9478]
 [-10.7605]
 [-10.2192]
 [-10.2216]
 [-10.7409]
 [-10.2256]
 [ -8.8356]
 [-10.8026]
 [-10.0253]
 [ -8.9846]
 [ -8.9514]
 [ -9.902 ]
 [-10.7424]
 [-10.5794]
 [ -9.6905]
 [ -8.9367]
 [ -8.8888]
 [ 10.6883]
 [ 10.8223]
 [ 10.9588]
 [ 11.0976]
 [ 11.239 ]
 [ 11.383 ]
 [ 11.5296]
 [ 11.679 ]
 [ 11.8313]
 [ 11.9866]
 [ 12.1448]
 [ 12.3063]
 [ 12.471 ]
 [ 12.6392]
 [ 12.8108]
 [ 12.9852]
 [ 13.164 ]
 [ 13.3466]
 [ 13.5332]
 [ 13.724 ]
 [ 13.9192]
 [ 14.1188]
 [ 14.3231]
 [ 14.5323]
 [ 14.7466]
 [ 14.9661]
 [ 15.1911]
 [ 15.4218]
 [ 15.6584]
 [ 15.9013]
 [ 16.1506]
 [ 16.4068]
 [ 16.6699]
 [ 16.9405]
 [ 17.2189]
 [ 17.5054]
 [ 17.8003]
 [ 18.1042]
 [ 18.4174]
 [ 18.7405]
 [ 19.0739]
 [ 19.4182]
 [ 19.774 ]
 [ 20.1418]
 [ 20.5224]
 [ 20.9165]
 [ 21.3248]
 [ 21.7481]
 [ 22.1875]
 [ 22.6437]
 [ 23.118 ]
 [ 23.6114]
 [ 24.1251]
 [ 24.6606]
 [ 25.2192]
 [ 25.8027]
 [ 26.4127]
 [ 27.0512]
 [ 27.7203]
 [ 28.4224]
 [ 29.16  ]
 [ 29.9359]
 [ 30.7534]
 [ 31.616 ]
 [ 32.5277]
 [-10.6445]
 [-10.6533]
 [-10.6618]
 [-10.67  ]
 [-10.6779]
 [-10.6856]
 [-10.6931]
 [-10.7002]
 [-10.7072]
 [-10.7138]
 [-10.7202]
 [-10.7264]
 [-10.7323]
 [-10.738 ]
 [-10.7434]
 [-10.7486]
 [-10.7536]
 [-10.7583]
 [-10.7628]
 [-10.7671]
 [-10.7711]
 [-10.775 ]
 [-10.7786]
 [-10.782 ]
 [-10.7852]
 [-10.7881]
 [-10.7909]
 [-10.7935]
 [-10.7959]
 [-10.798 ]
 [-10.8   ]
 [-10.8018]
 [-10.8034]
 [-10.8049]
 [-10.8061]
 [-10.8072]
 [-10.8081]
 [-10.8088]
 [-10.8093]
 [-10.8097]
 [-10.8099]
 [-10.81  ]
 [-10.8099]
 [-10.8097]
 [-10.8093]
 [-10.8087]
 [-10.808 ]
 [-10.8072]
 [-10.8062]
 [-10.8051]
 [-10.8038]
 [-10.8024]
 [-10.8009]
 [-10.7993]
 [-10.7975]
 [-10.7956]
 [-10.7936]
 [-10.7914]
 [-10.7892]
 [-10.7868]
 [-10.7844]
 [-10.7818]
 [-10.7791]
 [-10.7763]
 [-10.7734]
 [-10.7704]
 [-10.7673]
 [-10.7641]
 [-10.7608]
 [-10.7575]
 [-10.754 ]
 [-10.7504]
 [-10.7468]
 [-10.7431]
 [-10.7392]
 [-10.7353]
 [-10.7314]
 [-10.7273]
 [-10.7232]
 [-10.719 ]
 [-10.7147]
 [-10.7104]
 [-10.7059]
 [-10.7014]
 [-10.6969]
 [-10.6923]
 [-10.6876]
 [-10.6828]
 [-10.678 ]
 [-10.6731]
 [-10.6682]
 [-10.6632]
 [-10.6581]
 [-10.653 ]
 [-10.6479]
 [-10.6427]
 [-10.6374]
 [-10.6321]
 [-10.6267]
 [-10.6213]
 [-10.6158]
 [-10.6103]
 [-10.6047]
 [-10.5991]
 [-10.5934]
 [-10.5877]
 [-10.5819]
 [-10.5761]
 [-10.5703]
 [-10.5644]
 [-10.5585]
 [-10.5525]
 [-10.5465]
 [-10.5405]
 [-10.5344]
 [-10.5283]
 [-10.5221]
 [-10.5159]
 [-10.5097]
 [-10.5034]
 [-10.4971]
 [-10.4907]
 [-10.4844]
 [-10.4779]
 [-10.4715]
 [-10.465 ]
 [-10.4585]
 [-10.452 ]
 [-10.4454]
 [-10.4388]
 [-10.4321]
 [-10.4254]
 [-10.4187]
 [-10.412 ]
 [-10.4052]
 [-10.3984]
 [-10.3916]
 [-10.3847]
 [-10.3778]
 [-10.3709]
 [-10.364 ]
 [-10.357 ]
 [-10.35  ]
 [-10.3429]
 [-10.3359]
 [-10.3288]
 [-10.3217]
 [-10.3145]
 [-10.3073]
 [-10.3001]
 [-10.2929]
 [-10.2856]
 [-10.2783]
 [-10.271 ]
 [-10.2637]
 [-10.2563]
 [-10.2489]
 [-10.2415]
 [-10.234 ]
 [-10.2265]
 [-10.219 ]
 [-10.2115]
 [-10.2039]
 [-10.1963]
 [  4.22  ]
 [  4.2238]
 [  4.2269]
 [  4.2292]
 [  4.2307]
 [  4.2314]
 [  4.2312]
 [  4.23  ]
 [  4.2278]
 [  4.2246]
 [  4.2202]
 [  4.2146]
 [  4.2076]
 [  4.1993]
 [  4.1894]
 [  4.1779]
 [  4.1647]
 [  4.1496]
 [  4.1324]
 [  4.1131]
 [  4.0913]
 [  4.0669]
 [  4.0397]
 [  4.0093]
 [  3.9755]
 [  3.938 ]
 [  3.8963]
 [  3.8499]
 [  3.7985]
 [  3.7413]
 [  3.6777]
 [  3.6069]
 [  3.5279]
 [  3.4396]
 [  3.3407]
 [  3.2295]
 [  3.1041]
 [  2.9621]
 [  2.8005]
 [  2.6156]
 [  2.4027]
 [  2.1557]
 [  1.8665]
 [  1.5244]
 [  1.1147]
 [  0.6166]
 [  0.    ]]"
