rocket height (m),16.397
total rocket mass (kg),25142.26
rocket center of mass from base(m),2.951
rocket center of pressure from base (m),3.477
stage 1 total mass (kg),17386.427
stage 2 total mass (kg),5663.212
stage 3 total mass (kg),1984.286
payload fairing total mass (kg),69.822
nosecone total mass (kg),38.514
battery capacity (Wh),160.374
battery heat generation (J/s),887.445
stage 1 delta v (m/s),2100.74
stage 2 delta v (m/s),2954.176
stage 3 delta v (m/s),5105.528
time of supersonic flight (s),29
max dynamic pressure (Pa),[62978.8785]
time of max dynamic pressure (s),50
LOW END UNCERTAINTY horizontal velocity at the end of flight (m/s),7495.751
LOW END UNCERTAINTY vertical velocity at the end of flight (m/s),-32.942
LOW END UNCERTAINTY altitude at the end of flight (m),233168.08
HIGH END UNCERTAINTY horizontal velocity at the end of flight (m/s),8230.817
HIGH END UNCERTAINTY vertical velocity at the end of flight (m/s),165.064
HIGH END UNCERTAINTY altitude at the end of flight (m),291014.051
NOMINAL horizontal velocity at the end of flight (m/s),7888.461
NOMINAL vertical velocity at the end of flight (m/s),95.738
NOMINAL altitude at the end of flight (m),271631.445
dynamic center of mass from origin (m),"[[0.00000000e+00 2.56069029e+04]
 [1.00000000e+00 2.54042029e+04]
 [2.00000000e+00 2.52015029e+04]
 [3.00000000e+00 2.49988029e+04]
 [4.00000000e+00 2.47961029e+04]
 [5.00000000e+00 2.45934029e+04]
 [6.00000000e+00 2.43907029e+04]
 [7.00000000e+00 2.41880029e+04]
 [8.00000000e+00 2.39853029e+04]
 [9.00000000e+00 2.37826029e+04]
 [1.00000000e+01 2.35799029e+04]
 [1.10000000e+01 2.33772029e+04]
 [1.20000000e+01 2.31745029e+04]
 [1.30000000e+01 2.29718029e+04]
 [1.40000000e+01 2.27691029e+04]
 [1.50000000e+01 2.25664029e+04]
 [1.60000000e+01 2.23637029e+04]
 [1.70000000e+01 2.21610029e+04]
 [1.80000000e+01 2.19583029e+04]
 [1.90000000e+01 2.17556029e+04]
 [2.00000000e+01 2.15529029e+04]
 [2.10000000e+01 2.13502029e+04]
 [2.20000000e+01 2.11475029e+04]
 [2.30000000e+01 2.09448029e+04]
 [2.40000000e+01 2.07421029e+04]
 [2.50000000e+01 2.05394029e+04]
 [2.60000000e+01 2.03367029e+04]
 [2.70000000e+01 2.01340029e+04]
 [2.80000000e+01 1.99313029e+04]
 [2.90000000e+01 1.97286029e+04]
 [3.00000000e+01 1.95259029e+04]
 [3.10000000e+01 1.93232029e+04]
 [3.20000000e+01 1.91205029e+04]
 [3.30000000e+01 1.89178029e+04]
 [3.40000000e+01 1.87151029e+04]
 [3.50000000e+01 1.85124029e+04]
 [3.60000000e+01 1.83097029e+04]
 [3.70000000e+01 1.81070029e+04]
 [3.80000000e+01 1.79043029e+04]
 [3.90000000e+01 1.77016029e+04]
 [4.00000000e+01 1.74989029e+04]
 [4.10000000e+01 1.72962029e+04]
 [4.20000000e+01 1.70935029e+04]
 [4.30000000e+01 1.68908029e+04]
 [4.40000000e+01 1.66881029e+04]
 [4.50000000e+01 1.64854029e+04]
 [4.60000000e+01 1.62827029e+04]
 [4.70000000e+01 1.60800029e+04]
 [4.80000000e+01 1.58773029e+04]
 [4.90000000e+01 1.56746029e+04]
 [5.00000000e+01 1.54719029e+04]
 [5.10000000e+01 1.52692029e+04]
 [5.20000000e+01 1.50665029e+04]
 [5.30000000e+01 1.48638029e+04]
 [5.40000000e+01 1.46611029e+04]
 [5.50000000e+01 1.44584029e+04]
 [5.60000000e+01 1.42557029e+04]
 [5.70000000e+01 1.40530029e+04]
 [5.80000000e+01 1.38503029e+04]
 [5.90000000e+01 1.36476029e+04]
 [6.00000000e+01 1.34449029e+04]
 [6.10000000e+01 1.32422029e+04]
 [6.20000000e+01 1.30395029e+04]
 [6.30000000e+01 1.28368029e+04]
 [6.40000000e+01 1.26341029e+04]
 [6.50000000e+01 1.24314029e+04]
 [6.60000000e+01 1.22287029e+04]
 [6.70000000e+01 1.20260029e+04]
 [6.80000000e+01 1.18233029e+04]
 [6.90000000e+01 1.16206029e+04]
 [7.00000000e+01 1.14179029e+04]
 [7.10000000e+01 1.12152029e+04]
 [7.20000000e+01 1.10125029e+04]
 [7.30000000e+01 1.08098029e+04]
 [7.40000000e+01 7.73901120e+03]
 [7.50000000e+01 7.73901120e+03]
 [7.60000000e+01 7.73901120e+03]
 [7.70000000e+01 7.73901120e+03]
 [7.80000000e+01 7.73901120e+03]
 [7.90000000e+01 7.73901120e+03]
 [8.00000000e+01 7.73901120e+03]
 [8.10000000e+01 7.73901120e+03]
 [8.20000000e+01 7.73901120e+03]
 [8.30000000e+01 7.73901120e+03]
 [8.40000000e+01 7.73901120e+03]
 [8.50000000e+01 7.73901120e+03]
 [8.60000000e+01 7.73901120e+03]
 [8.70000000e+01 7.73901120e+03]
 [8.80000000e+01 7.73901120e+03]
 [8.90000000e+01 7.73901120e+03]
 [9.00000000e+01 7.73901120e+03]
 [9.10000000e+01 7.73901120e+03]
 [9.20000000e+01 7.73901120e+03]
 [9.30000000e+01 7.73901120e+03]
 [9.40000000e+01 7.73901120e+03]
 [9.50000000e+01 7.73901120e+03]
 [9.60000000e+01 7.73901120e+03]
 [9.70000000e+01 7.73901120e+03]
 [9.80000000e+01 7.73901120e+03]
 [9.90000000e+01 7.73901120e+03]
 [1.00000000e+02 7.73901120e+03]
 [1.01000000e+02 7.73901120e+03]
 [1.02000000e+02 7.73901120e+03]
 [1.03000000e+02 7.73901120e+03]
 [1.04000000e+02 7.73901120e+03]
 [1.05000000e+02 7.73901120e+03]
 [1.06000000e+02 7.73901120e+03]
 [1.07000000e+02 7.73901120e+03]
 [1.08000000e+02 7.73901120e+03]
 [1.09000000e+02 7.73901120e+03]
 [1.10000000e+02 7.73901120e+03]
 [1.11000000e+02 7.73901120e+03]
 [1.12000000e+02 7.73901120e+03]
 [1.13000000e+02 7.73901120e+03]
 [1.14000000e+02 7.73901120e+03]
 [1.15000000e+02 7.73901120e+03]
 [1.16000000e+02 7.73901120e+03]
 [1.17000000e+02 7.73901120e+03]
 [1.18000000e+02 7.73901120e+03]
 [1.19000000e+02 7.73901120e+03]
 [1.20000000e+02 7.73901120e+03]
 [1.21000000e+02 7.73901120e+03]
 [1.22000000e+02 7.73901120e+03]
 [1.23000000e+02 7.73901120e+03]
 [1.24000000e+02 7.73901120e+03]
 [1.25000000e+02 7.73901120e+03]
 [1.26000000e+02 7.65963120e+03]
 [1.27000000e+02 7.58025120e+03]
 [1.28000000e+02 7.50087120e+03]
 [1.29000000e+02 7.42149120e+03]
 [1.30000000e+02 7.34211120e+03]
 [1.31000000e+02 7.26273120e+03]
 [1.32000000e+02 7.18335120e+03]
 [1.33000000e+02 7.10397120e+03]
 [1.34000000e+02 7.02459120e+03]
 [1.35000000e+02 6.94521120e+03]
 [1.36000000e+02 6.86583120e+03]
 [1.37000000e+02 6.78645120e+03]
 [1.38000000e+02 6.70707120e+03]
 [1.39000000e+02 6.62769120e+03]
 [1.40000000e+02 6.54831120e+03]
 [1.41000000e+02 6.46893120e+03]
 [1.42000000e+02 6.38955120e+03]
 [1.43000000e+02 6.31017120e+03]
 [1.44000000e+02 6.23079120e+03]
 [1.45000000e+02 6.15141120e+03]
 [1.46000000e+02 6.07203120e+03]
 [1.47000000e+02 5.99265120e+03]
 [1.48000000e+02 5.91327120e+03]
 [1.49000000e+02 5.83389120e+03]
 [1.50000000e+02 5.75451120e+03]
 [1.51000000e+02 5.67513120e+03]
 [1.52000000e+02 5.59575120e+03]
 [1.53000000e+02 5.51637120e+03]
 [1.54000000e+02 5.43699120e+03]
 [1.55000000e+02 5.35761120e+03]
 [1.56000000e+02 5.27823120e+03]
 [1.57000000e+02 5.19885120e+03]
 [1.58000000e+02 5.11947120e+03]
 [1.59000000e+02 5.04009120e+03]
 [1.60000000e+02 4.96071120e+03]
 [1.61000000e+02 4.88133120e+03]
 [1.62000000e+02 4.80195120e+03]
 [1.63000000e+02 4.72257120e+03]
 [1.64000000e+02 4.64319120e+03]
 [1.65000000e+02 4.56381120e+03]
 [1.66000000e+02 4.48443120e+03]
 [1.67000000e+02 4.40505120e+03]
 [1.68000000e+02 4.32567120e+03]
 [1.69000000e+02 4.24629120e+03]
 [1.70000000e+02 4.16691120e+03]
 [1.71000000e+02 4.08753120e+03]
 [1.72000000e+02 4.00815120e+03]
 [1.73000000e+02 3.92877120e+03]
 [1.74000000e+02 3.84939120e+03]
 [1.75000000e+02 3.77001120e+03]
 [1.76000000e+02 3.69063120e+03]
 [1.77000000e+02 3.61125120e+03]
 [1.78000000e+02 3.53187120e+03]
 [1.79000000e+02 3.45249120e+03]
 [1.80000000e+02 3.37311120e+03]
 [1.81000000e+02 3.29373120e+03]
 [1.82000000e+02 3.21435120e+03]
 [1.83000000e+02 3.13497120e+03]
 [1.84000000e+02 3.05559120e+03]
 [1.85000000e+02 2.97621120e+03]
 [1.86000000e+02 2.89683120e+03]
 [1.87000000e+02 2.81745120e+03]
 [1.88000000e+02 2.73807120e+03]
 [1.89000000e+02 2.07579960e+03]
 [1.90000000e+02 2.07579960e+03]
 [1.91000000e+02 2.07579960e+03]
 [1.92000000e+02 2.07579960e+03]
 [1.93000000e+02 2.07579960e+03]
 [1.94000000e+02 2.07579960e+03]
 [1.95000000e+02 2.07579960e+03]
 [1.96000000e+02 2.07579960e+03]
 [1.97000000e+02 2.07579960e+03]
 [1.98000000e+02 2.07579960e+03]
 [1.99000000e+02 2.07579960e+03]
 [2.00000000e+02 2.07579960e+03]
 [2.01000000e+02 2.07579960e+03]
 [2.02000000e+02 2.07579960e+03]
 [2.03000000e+02 2.07579960e+03]
 [2.04000000e+02 2.07579960e+03]
 [2.05000000e+02 2.07579960e+03]
 [2.06000000e+02 2.07579960e+03]
 [2.07000000e+02 2.07579960e+03]
 [2.08000000e+02 2.07579960e+03]
 [2.09000000e+02 2.07579960e+03]
 [2.10000000e+02 2.07579960e+03]
 [2.11000000e+02 2.07579960e+03]
 [2.12000000e+02 2.07579960e+03]
 [2.13000000e+02 2.07579960e+03]
 [2.14000000e+02 2.07579960e+03]
 [2.15000000e+02 2.07579960e+03]
 [2.16000000e+02 2.07579960e+03]
 [2.17000000e+02 2.07579960e+03]
 [2.18000000e+02 2.07579960e+03]
 [2.19000000e+02 2.07579960e+03]
 [2.20000000e+02 2.07579960e+03]
 [2.21000000e+02 2.07579960e+03]
 [2.22000000e+02 2.07579960e+03]
 [2.23000000e+02 2.07579960e+03]
 [2.24000000e+02 2.07579960e+03]
 [2.25000000e+02 2.07579960e+03]
 [2.26000000e+02 2.07579960e+03]
 [2.27000000e+02 2.07579960e+03]
 [2.28000000e+02 2.07579960e+03]
 [2.29000000e+02 2.07579960e+03]
 [2.30000000e+02 2.07579960e+03]
 [2.31000000e+02 2.07579960e+03]
 [2.32000000e+02 2.07579960e+03]
 [2.33000000e+02 2.07579960e+03]
 [2.34000000e+02 2.07579960e+03]
 [2.35000000e+02 2.07579960e+03]
 [2.36000000e+02 2.07579960e+03]
 [2.37000000e+02 2.07579960e+03]
 [2.38000000e+02 2.07579960e+03]
 [2.39000000e+02 2.07579960e+03]
 [2.40000000e+02 2.07579960e+03]
 [2.41000000e+02 2.07579960e+03]
 [2.42000000e+02 2.07579960e+03]
 [2.43000000e+02 2.07579960e+03]
 [2.44000000e+02 2.07579960e+03]
 [2.45000000e+02 2.07579960e+03]
 [2.46000000e+02 2.07579960e+03]
 [2.47000000e+02 2.07579960e+03]
 [2.48000000e+02 2.07579960e+03]
 [2.49000000e+02 2.07579960e+03]
 [2.50000000e+02 2.07579960e+03]
 [2.51000000e+02 2.07579960e+03]
 [2.52000000e+02 2.07579960e+03]
 [2.53000000e+02 2.07579960e+03]
 [2.54000000e+02 2.07579960e+03]
 [2.55000000e+02 2.07579960e+03]
 [2.56000000e+02 2.07579960e+03]
 [2.57000000e+02 2.07579960e+03]
 [2.58000000e+02 2.07579960e+03]
 [2.59000000e+02 2.07579960e+03]
 [2.60000000e+02 2.07579960e+03]
 [2.61000000e+02 2.07579960e+03]
 [2.62000000e+02 2.07579960e+03]
 [2.63000000e+02 2.07579960e+03]
 [2.64000000e+02 2.07579960e+03]
 [2.65000000e+02 2.07579960e+03]
 [2.66000000e+02 2.07579960e+03]
 [2.67000000e+02 2.07579960e+03]
 [2.68000000e+02 2.07579960e+03]
 [2.69000000e+02 2.07579960e+03]
 [2.70000000e+02 2.07579960e+03]
 [2.71000000e+02 2.07579960e+03]
 [2.72000000e+02 2.07579960e+03]
 [2.73000000e+02 2.07579960e+03]
 [2.74000000e+02 2.07579960e+03]
 [2.75000000e+02 2.07579960e+03]
 [2.76000000e+02 2.07579960e+03]
 [2.77000000e+02 2.07579960e+03]
 [2.78000000e+02 2.07579960e+03]
 [2.79000000e+02 2.07579960e+03]
 [2.80000000e+02 2.07579960e+03]
 [2.81000000e+02 2.07579960e+03]
 [2.82000000e+02 2.07579960e+03]
 [2.83000000e+02 2.07579960e+03]
 [2.84000000e+02 2.07579960e+03]
 [2.85000000e+02 2.07579960e+03]
 [2.86000000e+02 2.07579960e+03]
 [2.87000000e+02 2.07579960e+03]
 [2.88000000e+02 2.07579960e+03]
 [2.89000000e+02 2.07579960e+03]
 [2.90000000e+02 2.07579960e+03]
 [2.91000000e+02 2.07579960e+03]
 [2.92000000e+02 2.07579960e+03]
 [2.93000000e+02 2.07579960e+03]
 [2.94000000e+02 2.07579960e+03]
 [2.95000000e+02 2.07579960e+03]
 [2.96000000e+02 2.07579960e+03]
 [2.97000000e+02 2.07579960e+03]
 [2.98000000e+02 2.07579960e+03]
 [2.99000000e+02 2.07579960e+03]
 [3.00000000e+02 2.07579960e+03]
 [3.01000000e+02 2.07579960e+03]
 [3.02000000e+02 2.07579960e+03]
 [3.03000000e+02 2.07579960e+03]
 [3.04000000e+02 2.07579960e+03]
 [3.05000000e+02 2.07579960e+03]
 [3.06000000e+02 2.07579960e+03]
 [3.07000000e+02 2.07579960e+03]
 [3.08000000e+02 2.07579960e+03]
 [3.09000000e+02 2.07579960e+03]
 [3.10000000e+02 2.07579960e+03]
 [3.11000000e+02 2.07579960e+03]
 [3.12000000e+02 2.07579960e+03]
 [3.13000000e+02 2.07579960e+03]
 [3.14000000e+02 2.07579960e+03]
 [3.15000000e+02 2.07579960e+03]
 [3.16000000e+02 2.07579960e+03]
 [3.17000000e+02 2.07579960e+03]
 [3.18000000e+02 2.07579960e+03]
 [3.19000000e+02 2.07579960e+03]
 [3.20000000e+02 2.07579960e+03]
 [3.21000000e+02 2.07579960e+03]
 [3.22000000e+02 2.07579960e+03]
 [3.23000000e+02 2.07579960e+03]
 [3.24000000e+02 2.07579960e+03]
 [3.25000000e+02 2.07579960e+03]
 [3.26000000e+02 2.07579960e+03]
 [3.27000000e+02 2.07579960e+03]
 [3.28000000e+02 2.07579960e+03]
 [3.29000000e+02 2.07579960e+03]
 [3.30000000e+02 2.07579960e+03]
 [3.31000000e+02 2.07579960e+03]
 [3.32000000e+02 2.07579960e+03]
 [3.33000000e+02 2.07579960e+03]
 [3.34000000e+02 2.07579960e+03]
 [3.35000000e+02 2.07579960e+03]
 [3.36000000e+02 2.07579960e+03]
 [3.37000000e+02 2.07579960e+03]
 [3.38000000e+02 2.07579960e+03]
 [3.39000000e+02 2.07579960e+03]
 [3.40000000e+02 2.07579960e+03]
 [3.41000000e+02 2.07579960e+03]
 [3.42000000e+02 2.07579960e+03]
 [3.43000000e+02 2.07579960e+03]
 [3.44000000e+02 2.07579960e+03]
 [3.45000000e+02 2.07579960e+03]
 [3.46000000e+02 2.07579960e+03]
 [3.47000000e+02 2.07579960e+03]
 [3.48000000e+02 2.07579960e+03]
 [3.49000000e+02 2.07579960e+03]
 [3.50000000e+02 2.07579960e+03]
 [3.51000000e+02 2.07579960e+03]
 [3.52000000e+02 2.07579960e+03]
 [3.53000000e+02 2.07579960e+03]
 [3.54000000e+02 2.03749960e+03]
 [3.55000000e+02 1.99919960e+03]
 [3.56000000e+02 1.96089960e+03]
 [3.57000000e+02 1.92259960e+03]
 [3.58000000e+02 1.88429960e+03]
 [3.59000000e+02 1.84599960e+03]
 [3.60000000e+02 1.80769960e+03]
 [3.61000000e+02 1.76939960e+03]
 [3.62000000e+02 1.73109960e+03]
 [3.63000000e+02 1.69279960e+03]
 [3.64000000e+02 1.65449960e+03]
 [3.65000000e+02 1.61619960e+03]
 [3.66000000e+02 1.57789960e+03]
 [3.67000000e+02 1.53959960e+03]
 [3.68000000e+02 1.50129960e+03]
 [3.69000000e+02 1.46299960e+03]
 [3.70000000e+02 1.42469960e+03]
 [3.71000000e+02 1.38639960e+03]
 [3.72000000e+02 1.34809960e+03]
 [3.73000000e+02 1.30979960e+03]
 [3.74000000e+02 1.27149960e+03]
 [3.75000000e+02 1.23319960e+03]
 [3.76000000e+02 1.19489960e+03]
 [3.77000000e+02 1.15659960e+03]
 [3.78000000e+02 1.11829960e+03]
 [3.79000000e+02 1.07999960e+03]
 [3.80000000e+02 1.04169960e+03]
 [3.81000000e+02 1.00339960e+03]
 [3.82000000e+02 9.65099600e+02]
 [3.83000000e+02 9.26799600e+02]
 [3.84000000e+02 8.88499600e+02]
 [3.85000000e+02 8.50199600e+02]
 [3.86000000e+02 8.11899600e+02]
 [3.87000000e+02 7.73599600e+02]
 [3.88000000e+02 7.35299600e+02]
 [3.89000000e+02 6.96999600e+02]
 [3.90000000e+02 6.58699600e+02]
 [3.91000000e+02 6.20399600e+02]
 [3.92000000e+02 5.82099600e+02]
 [3.93000000e+02 5.43799600e+02]
 [3.94000000e+02 5.05499600e+02]
 [3.95000000e+02 4.67199600e+02]
 [3.96000000e+02 4.28899600e+02]
 [3.97000000e+02 3.90599600e+02]
 [3.98000000e+02 3.52299600e+02]]"
dynamic center of pressure from nose (m),"[[  0.      12.92  ]
 [  1.      12.92  ]
 [  2.      12.92  ]
 [  3.      12.92  ]
 [  4.      12.92  ]
 [  5.      12.92  ]
 [  6.      12.92  ]
 [  7.      12.92  ]
 [  8.      12.92  ]
 [  9.      12.92  ]
 [ 10.      12.92  ]
 [ 11.      12.92  ]
 [ 12.      12.92  ]
 [ 13.      12.92  ]
 [ 14.      12.92  ]
 [ 15.      12.92  ]
 [ 16.      12.92  ]
 [ 17.      12.92  ]
 [ 18.      12.92  ]
 [ 19.      12.92  ]
 [ 20.      12.92  ]
 [ 21.      12.92  ]
 [ 22.      12.92  ]
 [ 23.      12.92  ]
 [ 24.      12.92  ]
 [ 25.      12.92  ]
 [ 26.      12.92  ]
 [ 27.      12.92  ]
 [ 28.      12.92  ]
 [ 29.      12.92  ]
 [ 30.      12.92  ]
 [ 31.      12.92  ]
 [ 32.      12.92  ]
 [ 33.      12.92  ]
 [ 34.      12.92  ]
 [ 35.      12.92  ]
 [ 36.      12.92  ]
 [ 37.      12.92  ]
 [ 38.      12.92  ]
 [ 39.      12.92  ]
 [ 40.      12.92  ]
 [ 41.      12.92  ]
 [ 42.      12.92  ]
 [ 43.      12.92  ]
 [ 44.      12.92  ]
 [ 45.      12.92  ]
 [ 46.      12.92  ]
 [ 47.      12.92  ]
 [ 48.      12.92  ]
 [ 49.      12.92  ]
 [ 50.      12.92  ]
 [ 51.      12.92  ]
 [ 52.      12.92  ]
 [ 53.      12.92  ]
 [ 54.      12.92  ]
 [ 55.      12.92  ]
 [ 56.      12.92  ]
 [ 57.      12.92  ]
 [ 58.      12.92  ]
 [ 59.      12.92  ]
 [ 60.      12.92  ]
 [ 61.      12.92  ]
 [ 62.      12.92  ]
 [ 63.      12.92  ]
 [ 64.      12.92  ]
 [ 65.      12.92  ]
 [ 66.      12.92  ]
 [ 67.      12.92  ]
 [ 68.      12.92  ]
 [ 69.      12.92  ]
 [ 70.      12.92  ]
 [ 71.      12.92  ]
 [ 72.      12.92  ]
 [ 73.      12.92  ]
 [ 74.       1.5408]
 [ 75.       1.5408]
 [ 76.       1.5408]
 [ 77.       1.5408]
 [ 78.       1.5408]
 [ 79.       1.5408]
 [ 80.       1.5408]
 [ 81.       1.5408]
 [ 82.       1.5408]
 [ 83.       1.5408]
 [ 84.       1.5408]
 [ 85.       1.5408]
 [ 86.       1.5408]
 [ 87.       1.5408]
 [ 88.       1.5408]
 [ 89.       1.5408]
 [ 90.       1.5408]
 [ 91.       1.5408]
 [ 92.       1.5408]
 [ 93.       1.5408]
 [ 94.       1.5408]
 [ 95.       1.5408]
 [ 96.       1.5408]
 [ 97.       1.5408]
 [ 98.       1.5408]
 [ 99.       1.5408]
 [100.       1.5408]
 [101.       1.5408]
 [102.       1.5408]
 [103.       1.5408]
 [104.       1.5408]
 [105.       1.5408]
 [106.       1.5408]
 [107.       1.5408]
 [108.       1.5408]
 [109.       1.5408]
 [110.       1.5408]
 [111.       1.5408]
 [112.       1.5408]
 [113.       1.5408]
 [114.       1.5408]
 [115.       1.5408]
 [116.       1.5408]
 [117.       1.5408]
 [118.       1.5408]
 [119.       1.5408]
 [120.       1.5408]
 [121.       1.5408]
 [122.       1.5408]
 [123.       1.5408]
 [124.       1.5408]
 [125.       1.5408]
 [126.       1.5408]
 [127.       1.5408]
 [128.       1.5408]
 [129.       1.5408]
 [130.       1.5408]
 [131.       1.5408]
 [132.       1.5408]
 [133.       1.5408]
 [134.       1.5408]
 [135.       1.5408]
 [136.       1.5408]
 [137.       1.5408]
 [138.       1.5408]
 [139.       1.5408]
 [140.       1.5408]
 [141.       1.5408]
 [142.       1.5408]
 [143.       1.5408]
 [144.       1.5408]
 [145.       1.5408]
 [146.       1.5408]
 [147.       1.5408]
 [148.       1.5408]
 [149.       1.5408]
 [150.       1.5408]
 [151.       1.5408]
 [152.       1.5408]
 [153.       1.5408]
 [154.       1.5408]
 [155.       1.5408]
 [156.       1.5408]
 [157.       1.5408]
 [158.       1.5408]
 [159.       1.5408]
 [160.       1.5408]
 [161.       1.5408]
 [162.       1.5408]
 [163.       1.5408]
 [164.       1.5408]
 [165.       1.5408]
 [166.       1.5408]
 [167.       1.5408]
 [168.       1.5408]
 [169.       1.5408]
 [170.       1.5408]
 [171.       1.5408]
 [172.       1.5408]
 [173.       1.5408]
 [174.       1.5408]
 [175.       1.5408]
 [176.       1.5408]
 [177.       1.5408]
 [178.       1.5408]
 [179.       1.5408]
 [180.       1.5408]
 [181.       1.5408]
 [182.       1.5408]
 [183.       1.5408]
 [184.       1.5408]
 [185.       1.5408]
 [186.       1.5408]
 [187.       1.5408]
 [188.       1.5408]
 [189.       1.5408]
 [190.       1.5408]
 [191.       1.5408]
 [192.       1.5408]
 [193.       1.5408]
 [194.       1.5408]
 [195.       1.5408]
 [196.       1.5408]
 [197.       1.5408]
 [198.       1.5408]
 [199.       1.5408]
 [200.       1.5408]
 [201.       1.5408]
 [202.       1.5408]
 [203.       1.5408]
 [204.       1.5408]
 [205.       1.5408]
 [206.       1.5408]
 [207.       1.5408]
 [208.       1.5408]
 [209.       1.5408]
 [210.       1.5408]
 [211.       1.5408]
 [212.       1.5408]
 [213.       1.5408]
 [214.       1.5408]
 [215.       1.5408]
 [216.       1.5408]
 [217.       1.5408]
 [218.       1.5408]
 [219.       1.5408]
 [220.       1.5408]
 [221.       1.5408]
 [222.       1.5408]
 [223.       1.5408]
 [224.       1.5408]
 [225.       1.5408]
 [226.       1.5408]
 [227.       1.5408]
 [228.       1.5408]
 [229.       1.5408]
 [230.       1.5408]
 [231.       1.5408]
 [232.       1.5408]
 [233.       1.5408]
 [234.       1.5408]
 [235.       1.5408]
 [236.       1.5408]
 [237.       1.5408]
 [238.       1.5408]
 [239.       1.5408]
 [240.       1.5408]
 [241.       1.5408]
 [242.       1.5408]
 [243.       1.5408]
 [244.       1.5408]
 [245.       1.5408]
 [246.       1.5408]
 [247.       1.5408]
 [248.       1.5408]
 [249.       1.5408]
 [250.       1.5408]
 [251.       1.5408]
 [252.       1.5408]
 [253.       1.5408]
 [254.       1.5408]
 [255.       1.5408]
 [256.       1.5408]
 [257.       1.5408]
 [258.       1.5408]
 [259.       1.5408]
 [260.       1.5408]
 [261.       1.5408]
 [262.       1.5408]
 [263.       1.5408]
 [264.       1.5408]
 [265.       1.5408]
 [266.       1.5408]
 [267.       1.5408]
 [268.       1.5408]
 [269.       1.5408]
 [270.       1.5408]
 [271.       1.5408]
 [272.       1.5408]
 [273.       1.5408]
 [274.       1.5408]
 [275.       1.5408]
 [276.       1.5408]
 [277.       1.5408]
 [278.       1.5408]
 [279.       1.5408]
 [280.       1.5408]
 [281.       1.5408]
 [282.       1.5408]
 [283.       1.5408]
 [284.       1.5408]
 [285.       1.5408]
 [286.       1.5408]
 [287.       1.5408]
 [288.       1.5408]
 [289.       1.5408]
 [290.       1.5408]
 [291.       1.5408]
 [292.       1.5408]
 [293.       1.5408]
 [294.       1.5408]
 [295.       1.5408]
 [296.       1.5408]
 [297.       1.5408]
 [298.       1.5408]
 [299.       1.5408]
 [300.       1.5408]
 [301.       1.5408]
 [302.       1.5408]
 [303.       1.5408]
 [304.       1.5408]
 [305.       1.5408]
 [306.       1.5408]
 [307.       1.5408]
 [308.       1.5408]
 [309.       1.5408]
 [310.       1.5408]
 [311.       1.5408]
 [312.       1.5408]
 [313.       1.5408]
 [314.       1.5408]
 [315.       1.5408]
 [316.       1.5408]
 [317.       1.5408]
 [318.       1.5408]
 [319.       1.5408]
 [320.       1.5408]
 [321.       1.5408]
 [322.       1.5408]
 [323.       1.5408]
 [324.       1.5408]
 [325.       1.5408]
 [326.       1.5408]
 [327.       1.5408]
 [328.       1.5408]
 [329.       1.5408]
 [330.       1.5408]
 [331.       1.5408]
 [332.       1.5408]
 [333.       1.5408]
 [334.       1.5408]
 [335.       1.5408]
 [336.       1.5408]
 [337.       1.5408]
 [338.       1.5408]
 [339.       1.5408]
 [340.       1.5408]
 [341.       1.5408]
 [342.       1.5408]
 [343.       1.5408]
 [344.       1.5408]
 [345.       1.5408]
 [346.       1.5408]
 [347.       1.5408]
 [348.       1.5408]
 [349.       1.5408]
 [350.       1.5408]
 [351.       1.5408]
 [352.       1.5408]
 [353.       1.5408]
 [354.       1.5408]
 [355.       1.5408]
 [356.       1.5408]
 [357.       1.5408]
 [358.       1.5408]
 [359.       1.5408]
 [360.       1.5408]
 [361.       1.5408]
 [362.       1.5408]
 [363.       1.5408]
 [364.       1.5408]
 [365.       1.5408]
 [366.       1.5408]
 [367.       1.5408]
 [368.       1.5408]
 [369.       1.5408]
 [370.       1.5408]
 [371.       1.5408]
 [372.       1.5408]
 [373.       1.5408]
 [374.       1.5408]
 [375.       1.5408]
 [376.       1.5408]
 [377.       1.5408]
 [378.       1.5408]
 [379.       1.5408]
 [380.       1.5408]
 [381.       1.5408]
 [382.       1.5408]
 [383.       1.5408]
 [384.       1.5408]
 [385.       1.5408]
 [386.       1.5408]
 [387.       1.5408]
 [388.       1.5408]
 [389.       1.5408]
 [390.       1.5408]
 [391.       1.5408]
 [392.       1.5408]
 [393.       1.5408]
 [394.       1.5408]
 [395.       1.5408]
 [396.       1.5408]
 [397.       1.5408]
 [398.       1.5408]]"
fin actuator torque (N*m),"[[0.0000000e+00]
 [1.7140000e-01]
 [6.9730000e-01]
 [1.5963000e+00]
 [2.8882000e+00]
 [4.5937000e+00]
 [6.7348000e+00]
 [9.3344000e+00]
 [1.2416900e+01]
 [1.6007600e+01]
 [2.0132800e+01]
 [2.4820200e+01]
 [3.0098400e+01]
 [3.5997000e+01]
 [4.2546600e+01]
 [4.9778500e+01]
 [5.7725200e+01]
 [6.6419300e+01]
 [7.5894400e+01]
 [8.6184300e+01]
 [9.7322900e+01]
 [1.0934430e+02]
 [1.2228250e+02]
 [1.3619580e+02]
 [1.5102230e+02]
 [1.6677800e+02]
 [1.8347940e+02]
 [2.0114520e+02]
 [2.1979700e+02]
 [2.3946120e+02]
 [2.6017070e+02]
 [2.8196660e+02]
 [3.0490060e+02]
 [3.2903690e+02]
 [3.5445500e+02]
 [3.8125180e+02]
 [4.0954480e+02]
 [4.3947400e+02]
 [4.7115850e+02]
 [5.0472850e+02]
 [5.4033090e+02]
 [5.7755770e+02]
 [6.1684540e+02]
 [6.5833140e+02]
 [7.0216870e+02]
 [7.4852760e+02]
 [7.9759810e+02]
 [8.4957480e+02]
 [9.0467640e+02]
 [9.6313120e+02]
 [1.0252101e+03]
 [1.0895722e+03]
 [1.1575937e+03]
 [1.2295396e+03]
 [1.3056418e+03]
 [1.3861528e+03]
 [1.4713457e+03]
 [1.5615646e+03]
 [1.6592210e+03]
 [1.7622109e+03]
 [1.8706304e+03]
 [1.9847879e+03]
 [2.1050191e+03]
 [2.2316955e+03]
 [2.3652334e+03]
 [2.5060738e+03]
 [2.6547019e+03]
 [2.8116533e+03]
 [2.9775208e+03]
 [3.1529629e+03]
 [3.3387137e+03]
 [3.5355942e+03]]"
environmental torque (N*m),"[-8.58208e+01 -8.58205e+01 -8.37937e+01 -8.37934e+01 -8.17904e+01
 -7.98112e+01 -7.98109e+01 -7.78556e+01 -7.59241e+01 -7.59238e+01
 -7.40161e+01 -7.21323e+01 -7.21320e+01 -7.02720e+01 -6.84359e+01
 -6.84356e+01 -6.66233e+01 -6.48348e+01 -6.48345e+01 -6.30699e+01
 -6.13290e+01 -6.13288e+01 -5.96118e+01 -5.79187e+01 -5.79184e+01
 -5.62491e+01 -5.46036e+01 -5.46033e+01 -5.29817e+01 -5.13839e+01
 -5.13837e+01 -4.98097e+01 -4.82596e+01 -4.82594e+01 -4.67331e+01
 -4.52307e+01 -4.52305e+01 -4.37519e+01 -4.37517e+01 -4.22969e+01
 -4.08660e+01 -4.08658e+01 -3.94588e+01 -3.80755e+01 -3.80754e+01
 -3.67160e+01 -3.53804e+01 -3.53803e+01 -3.40686e+01 -3.27807e+01
 -3.27806e+01 -3.15166e+01 -3.02764e+01 -3.02763e+01 -2.90599e+01
 -2.78674e+01 -2.78673e+01 -2.66987e+01 -2.55539e+01 -2.55538e+01
 -2.44328e+01 -2.33357e+01 -2.33357e+01 -2.22624e+01 -2.12129e+01
 -2.12129e+01 -2.01873e+01 -1.91856e+01 -1.91856e+01 -1.82076e+01
 -1.72536e+01 -1.72536e+01 -1.63234e+01 -1.54170e+01 -1.54170e+01
 -1.54170e+01 -1.54170e+01 -1.54170e+01 -1.54170e+01 -1.54171e+01
 -1.54171e+01 -1.54171e+01 -1.45345e+01 -1.45345e+01 -1.45345e+01
 -1.45346e+01 -1.45346e+01 -1.45346e+01 -1.45346e+01 -1.45346e+01
 -1.36759e+01 -1.36759e+01 -1.36759e+01 -1.36759e+01 -1.36759e+01
 -1.36760e+01 -1.36760e+01 -1.36760e+01 -1.28411e+01 -1.28411e+01
 -1.28411e+01 -1.28411e+01 -1.28412e+01 -1.28412e+01 -1.28412e+01
 -1.20301e+01 -1.20301e+01 -1.20302e+01 -1.20302e+01 -1.20302e+01
 -1.20302e+01 -1.20302e+01 -1.20303e+01 -1.12430e+01 -1.12430e+01
 -1.12431e+01 -1.12431e+01 -1.12431e+01 -1.12431e+01 -1.12431e+01
 -1.12432e+01 -1.04798e+01 -1.04798e+01 -1.04889e+01 -1.04889e+01
 -1.04889e+01 -1.04889e+01 -1.04889e+01 -9.74930e+00 -9.74930e+00
 -9.74940e+00 -9.74940e+00 -9.74940e+00 -9.74940e+00 -9.74940e+00
 -9.74940e+00 -9.03360e+00 -9.03360e+00 -9.03360e+00 -9.03370e+00
 -9.03370e+00 -9.03370e+00 -9.03370e+00 -9.03370e+00 -8.34180e+00
 -8.34180e+00 -8.34180e+00 -8.34180e+00 -8.34180e+00 -8.34180e+00
 -8.34180e+00 -8.34180e+00 -7.67370e+00 -7.67370e+00 -7.67370e+00
 -7.67370e+00 -7.67380e+00 -7.67380e+00 -7.67380e+00 -7.02950e+00
 -7.02950e+00 -7.02950e+00 -7.02950e+00 -7.02960e+00 -7.02960e+00
 -7.02960e+00 -7.02960e+00 -6.40920e+00 -6.40920e+00 -6.40920e+00
 -6.40920e+00 -6.40920e+00 -6.40920e+00 -6.40920e+00 -6.40920e+00
 -5.81260e+00 -5.81260e+00 -5.81270e+00 -5.81270e+00 -5.81270e+00
 -5.81270e+00 -5.81270e+00 -5.23990e+00 -5.23990e+00 -5.24000e+00
 -5.24000e+00 -5.24000e+00 -5.24000e+00 -5.24000e+00 -5.24000e+00
 -4.69110e+00 -4.69110e+00 -4.69110e+00 -4.69110e+00 -4.69110e+00
 -4.69120e+00 -4.69120e+00 -4.69120e+00 -4.16610e+00 -4.16610e+00
 -4.16610e+00 -4.16610e+00 -4.16610e+00 -4.16610e+00 -4.16620e+00
 -4.16620e+00 -3.66490e+00 -3.66490e+00 -3.66490e+00 -3.66490e+00
 -3.66490e+00 -3.66500e+00 -3.66500e+00 -3.18750e+00 -3.18750e+00
 -3.18760e+00 -3.18760e+00 -3.18760e+00 -3.18760e+00 -3.18760e+00
 -3.18760e+00 -2.73400e+00 -2.73400e+00 -2.73400e+00 -2.73410e+00
 -2.73410e+00 -2.73410e+00 -2.73410e+00 -2.73410e+00 -2.30430e+00
 -2.30440e+00 -2.30440e+00 -2.30440e+00 -2.30440e+00 -2.30440e+00
 -2.30440e+00 -1.89850e+00 -1.89850e+00 -1.89850e+00 -1.89850e+00
 -1.89850e+00 -1.89860e+00 -1.89860e+00 -1.89860e+00 -1.51650e+00
 -1.51650e+00 -1.51650e+00 -1.51650e+00 -1.51650e+00 -1.51650e+00
 -1.51660e+00 -1.51660e+00 -1.15830e+00 -1.15830e+00 -1.15830e+00
 -1.15830e+00 -1.15830e+00 -1.15840e+00 -1.15840e+00 -1.15840e+00
 -8.23900e-01 -8.24000e-01 -8.24000e-01 -8.24000e-01 -8.24000e-01
 -8.24000e-01 -8.24000e-01 -5.13400e-01 -5.13400e-01 -5.13400e-01
 -5.13500e-01 -5.13500e-01 -5.13500e-01 -5.13500e-01 -5.13500e-01
 -2.26700e-01 -2.26700e-01 -2.26800e-01 -2.26800e-01 -2.26800e-01
 -2.26800e-01 -2.26800e-01 -2.26800e-01  3.61000e-02  3.61000e-02
  3.61000e-02  3.61000e-02  3.61000e-02  3.60000e-02  3.60000e-02
  2.75100e-01  2.75100e-01  2.75100e-01  2.75100e-01  2.75100e-01
  2.75100e-01  2.75000e-01  2.75000e-01  4.90300e-01  4.90300e-01
  4.90300e-01  4.90300e-01  4.90300e-01  4.90200e-01  4.90200e-01
  4.90200e-01  6.81700e-01  6.81700e-01  6.81600e-01  6.81600e-01
  6.81600e-01  6.81600e-01  6.81600e-01  6.81600e-01  8.49200e-01
  8.49200e-01  8.49200e-01  8.49100e-01  8.49100e-01  8.49100e-01
  8.49100e-01  9.92900e-01  9.92900e-01  9.92900e-01  9.92800e-01
  9.92800e-01  9.92800e-01  9.92800e-01  9.92800e-01  1.11270e+00
  1.11270e+00  1.11270e+00  1.11270e+00  1.11270e+00  1.11270e+00
  1.11260e+00  1.11260e+00  1.20880e+00  1.20870e+00  1.20870e+00
  1.20870e+00  1.20870e+00  1.20870e+00  1.20870e+00  1.28100e+00
  1.28090e+00  1.28090e+00  1.28090e+00  1.28090e+00  1.28020e+00
  1.28020e+00  1.28020e+00  1.32870e+00  1.32870e+00  1.32870e+00
  1.32870e+00  1.32870e+00  1.32870e+00  1.32870e+00  1.32870e+00
  1.35330e+00  1.35330e+00  1.35330e+00  1.35330e+00  1.35330e+00
  1.35330e+00  1.35330e+00  1.35330e+00  1.35410e+00  1.35410e+00
  1.35410e+00  1.35410e+00  1.35410e+00  1.35410e+00  1.35410e+00
  1.33110e+00  1.33110e+00  1.33110e+00  1.33110e+00  1.33110e+00
  1.33110e+00  1.33110e+00  1.33100e+00  1.28420e+00  1.28420e+00
  1.28420e+00  1.28420e+00  1.28420e+00  1.28420e+00  1.28420e+00
  1.28420e+00  1.21350e+00  1.21350e+00  1.21350e+00]"
